Customer_ID,Customer_Name,Gender,City,Product_Category,Payment_Method,Order_Status,Order_Date,Quantity,Price,Total_Amount,Frequency
CUST0103,Mahalakshmi,Male,Madurai,Groceries,UPI,Delivered,2024-02-19,8,2216,17728,4
CUST0271,Ajith,Male,Trichy,Electronics,NetBanking,Delivered,2024-10-18,3,384,1152,4
CUST0107,Sowmya,Male,Salem,Beauty,UPI,Delivered,2024-09-03,7,1409,9863,2
CUST0072,Ilango,Female,Tirunelveli,Groceries,UPI,Delivered,2024-09-20,1,1264,1264,2
CUST0189,Hari,Male,Madurai,Beauty,NetBanking,Delivered,2024-03-19,1,4469,4469,3
CUST0021,Raja,Male,Salem,Electronics,Cash,Delivered,2024-07-08,9,333,2997,2
CUST0103,Raja,Female,Salem,Electronics,Cash,Returned,2024-02-16,8,262,2096,4
CUST0122,Aishwarya,Female,Chennai,Clothing,NetBanking,Returned,2024-12-26,3,1708,5124,6
CUST0215,Karthik,Female,Madurai,Clothing,NetBanking,Pending,2024-12-19,6,4128,24768,6
CUST0088,Nithya,Male,Tirunelveli,Groceries,NetBanking,Delivered,2024-12-17,3,4897,14691,1
CUST0100,Gokul,Male,Madurai,Beauty,UPI,Delivered,2024-07-07,4,1467,5868,4
CUST0152,Vimala,Female,Salem,Electronics,NetBanking,Cancelled,2024-09-12,1,2436,2436,7
CUST0131,Deepa,Female,Tirunelveli,Groceries,Card,Delivered,2024-08-09,5,1844,9220,4
CUST0150,Janani,Male,Trichy,Furniture,UPI,Delivered,2024-08-28,1,154,154,4
CUST0258,Vimala,Male,Chennai,Groceries,Cash,Delivered,2024-09-25,1,4915,4915,2
CUST0294,Monisha,Female,Salem,Books,Cash,Delivered,2024-01-01,7,3943,27601,6
CUST0192,Hemalatha,Female,Coimbatore,Groceries,Cash,Delivered,2024-02-03,6,3895,23370,7
CUST0277,Hari,Male,Coimbatore,Books,UPI,Delivered,2024-03-19,2,3740,7480,6
CUST0161,Surya,Female,Chennai,Books,Card,Delivered,2024-08-23,2,3342,6684,6
CUST0022,Padma,Male,Trichy,Books,NetBanking,Delivered,2024-11-29,7,428,2996,3
CUST0253,Ranjani,Male,Salem,Furniture,NetBanking,Delivered,2024-12-14,1,3343,3343,6
CUST0236,Nithya,Male,Madurai,Groceries,Cash,Delivered,2024-04-07,2,3379,6758,4
CUST0049,Aravind,Male,Chennai,Groceries,Cash,Delivered,2024-03-22,8,4858,38864,4
CUST0059,Sivakumar,Female,Trichy,Furniture,UPI,Delivered,2024-07-10,6,3488,20928,1
CUST0170,Harini,Female,Madurai,Electronics,Card,Delivered,2024-09-09,2,274,548,6
CUST0188,Hemalatha,Male,Coimbatore,Clothing,NetBanking,Delivered,2024-02-07,7,787,5509,3
CUST0271,Rithika,Male,Coimbatore,Groceries,UPI,Delivered,2024-01-14,4,285,1140,4
CUST0190,Ajith,Male,Madurai,Clothing,NetBanking,Delivered,2024-12-12,2,4328,8656,6
CUST0175,Preethi,Male,Chennai,Beauty,Cash,Delivered,2024-11-05,6,761,4566,1
CUST0051,Preethi,Male,Coimbatore,Beauty,NetBanking,Pending,2024-07-27,9,1938,17442,7
CUST0055,Madhan,Female,Salem,Furniture,Card,Delivered,2024-12-22,9,4768,42912,2
CUST0244,Preethi,Female,Tirunelveli,Beauty,Card,Delivered,2024-03-29,8,1309,10472,2
CUST0131,Raghu,Female,Madurai,Beauty,Cash,Delivered,2024-02-25,3,798,2394,4
CUST0135,Sriram,Female,Madurai,Electronics,Card,Delivered,2024-04-03,3,4036,12108,3
CUST0021,Monisha,Male,Coimbatore,Electronics,Card,Delivered,2024-04-02,2,3601,7202,2
CUST0167,Karthik,Male,Chennai,Electronics,UPI,Delivered,2024-12-05,5,559,2795,2
CUST0274,Raghu,Male,Salem,Beauty,NetBanking,Cancelled,2024-03-25,4,1873,7492,2
CUST0089,Rajesh,Male,Chennai,Furniture,Cash,Delivered,2024-09-01,7,4930,34510,4
CUST0014,Hari,Male,Trichy,Books,Cash,Delivered,2024-01-22,4,2991,11964,5
CUST0242,Sekar,Female,Trichy,Books,Cash,Delivered,2024-10-17,9,4282,38538,4
CUST0265,Mahesh,Male,Tirunelveli,Clothing,Cash,Returned,2024-09-28,2,2184,4368,3
CUST0053,Revathi,Female,Coimbatore,Books,Cash,Delivered,2024-11-01,6,1827,10962,7
CUST0092,Priya,Female,Coimbatore,Books,Card,Pending,2024-05-01,7,1272,8904,5
CUST0264,Hemalatha,Female,Coimbatore,Electronics,UPI,Delivered,2024-05-07,4,3717,14868,6
CUST0035,Lakshmi,Female,Tirunelveli,Electronics,Cash,Pending,2024-04-22,6,1827,10962,6
CUST0206,Vijay,Male,Trichy,Beauty,UPI,Pending,2024-09-29,7,1354,9478,2
CUST0081,Gokul,Female,Chennai,Clothing,UPI,Delivered,2024-12-01,4,4909,19636,4
CUST0050,Vimala,Female,Tirunelveli,Groceries,Card,Delivered,2024-05-09,8,751,6008,1
CUST0002,Hemalatha,Female,Tirunelveli,Clothing,Cash,Delivered,2024-05-11,9,3039,27351,3
CUST0054,Nandakumar,Male,Chennai,Clothing,Card,Delivered,2024-03-25,1,201,201,7
CUST0106,Kala,Male,Coimbatore,Furniture,Cash,Cancelled,2024-12-15,7,1375,9625,4
CUST0260,Anitha,Male,Salem,Beauty,Card,Delivered,2024-03-21,9,1351,12159,2
CUST0191,Madhan,Female,Chennai,Furniture,UPI,Delivered,2024-11-20,5,3772,18860,3
CUST0218,Dinesh,Female,Trichy,Clothing,Cash,Delivered,2024-03-09,2,1761,3522,6
CUST0044,Nila,Male,Madurai,Clothing,NetBanking,Pending,2024-05-27,6,856,5136,4
CUST0162,Sangeetha,Female,Madurai,Clothing,UPI,Delivered,2024-01-16,7,4380,30660,2
CUST0202,Bhavani,Male,Tirunelveli,Books,NetBanking,Delivered,2024-11-02,2,2772,5544,5
CUST0270,Priya,Male,Madurai,Furniture,UPI,Delivered,2024-04-14,2,4706,9412,2
CUST0271,Vimala,Female,Salem,Clothing,Card,Pending,2024-06-13,1,1375,1375,4
CUST0215,Divya,Female,Coimbatore,Electronics,Cash,Delivered,2024-07-19,4,4183,16732,6
CUST0252,Poornima,Female,Trichy,Beauty,UPI,Delivered,2024-07-15,7,1209,8463,7
CUST0190,Priya,Female,Salem,Beauty,Card,Delivered,2024-07-03,9,2919,26271,6
CUST0296,Poornima,Male,Trichy,Electronics,Cash,Delivered,2024-11-17,3,4566,13698,4
CUST0213,Bharath,Male,Trichy,Beauty,Cash,Delivered,2024-09-21,7,1292,9044,3
CUST0208,Revathi,Male,Coimbatore,Books,UPI,Pending,2024-12-28,7,397,2779,3
CUST0237,Kala,Male,Tirunelveli,Books,Cash,Cancelled,2024-04-09,7,1881,13167,4
CUST0053,Swathi,Male,Madurai,Groceries,UPI,Delivered,2024-12-07,2,1619,3238,7
CUST0280,Thamarai,Female,Coimbatore,Groceries,Cash,Returned,2024-11-15,6,3985,23910,5
CUST0217,Preethi,Male,Salem,Groceries,NetBanking,Delivered,2024-08-01,2,1968,3936,6
CUST0252,Lakshmi,Male,Tirunelveli,Beauty,Card,Cancelled,2024-10-04,6,3282,19692,7
CUST0188,Sneha,Male,Salem,Books,NetBanking,Returned,2024-06-10,3,3808,11424,3
CUST0041,Ajith,Female,Tirunelveli,Books,UPI,Delivered,2024-06-05,2,2405,4810,3
CUST0157,Sowmya,Female,Salem,Books,NetBanking,Cancelled,2024-09-07,6,1447,8682,5
CUST0015,Nila,Female,Coimbatore,Electronics,UPI,Delivered,2024-04-06,2,2830,5660,5
CUST0065,Preethi,Female,Tirunelveli,Books,Cash,Delivered,2024-01-18,5,1874,9370,3
CUST0009,Uma,Male,Tirunelveli,Electronics,Cash,Delivered,2024-11-22,2,2541,5082,3
CUST0129,Rithika,Male,Trichy,Groceries,UPI,Delivered,2024-04-06,3,4110,12330,3
CUST0136,Gokul,Female,Trichy,Groceries,NetBanking,Cancelled,2024-01-01,3,454,1362,4
CUST0063,Aishwarya,Female,Chennai,Beauty,Cash,Pending,2024-08-03,6,1771,10626,8
CUST0139,Pavithra,Male,Salem,Groceries,Card,Delivered,2024-05-11,6,2875,17250,2
CUST0081,Hemalatha,Male,Trichy,Beauty,Cash,Returned,2024-09-16,3,3895,11685,4
CUST0163,Rohit,Female,Chennai,Clothing,Card,Returned,2024-05-04,3,4260,12780,4
CUST0289,Manoj,Female,Trichy,Clothing,NetBanking,Delivered,2024-03-22,1,3242,3242,7
CUST0261,Ajith,Female,Salem,Furniture,Card,Delivered,2024-10-09,7,114,798,3
CUST0231,Santhosh,Female,Tirunelveli,Beauty,Card,Delivered,2024-06-19,8,1349,10792,6
CUST0041,Jeeva,Male,Madurai,Furniture,Card,Delivered,2024-02-28,2,4970,9940,3
CUST0028,Nandakumar,Male,Salem,Furniture,Card,Pending,2024-02-01,4,1465,5860,5
CUST0135,Vijay,Male,Coimbatore,Clothing,Cash,Delivered,2024-06-09,7,3643,25501,3
CUST0201,Arun,Female,Trichy,Beauty,Card,Cancelled,2024-10-10,8,1018,8144,3
CUST0268,Anitha,Female,Trichy,Clothing,Cash,Delivered,2024-04-15,1,418,418,5
CUST0033,Bharath,Male,Tirunelveli,Furniture,Card,Delivered,2024-04-14,4,282,1128,3
CUST0048,Ramesh,Male,Coimbatore,Beauty,UPI,Delivered,2024-08-15,6,2292,13752,3
CUST0062,Anitha,Male,Tirunelveli,Furniture,NetBanking,Delivered,2024-07-06,3,3133,9399,5
CUST0216,Dinesh,Male,Coimbatore,Books,Card,Delivered,2024-03-10,5,970,4850,3
CUST0293,Dinesh,Female,Madurai,Beauty,UPI,Delivered,2024-11-13,9,738,6642,3
CUST0099,Surya,Male,Trichy,Beauty,Card,Delivered,2024-10-16,3,4322,12966,9
CUST0172,Suresh,Male,Trichy,Furniture,Card,Delivered,2024-03-27,5,1519,7595,5
CUST0214,Rohit,Male,Madurai,Books,Card,Delivered,2024-12-27,8,4775,38200,4
CUST0035,Shalini,Male,Chennai,Electronics,UPI,Returned,2024-02-25,6,4309,25854,6
CUST0227,Rajesh,Male,Tirunelveli,Clothing,NetBanking,Delivered,2024-04-22,4,3672,14688,5
CUST0101,Sekar,Male,Madurai,Furniture,UPI,Delivered,2024-01-13,8,2150,17200,7
CUST0131,Sowmya,Male,Tirunelveli,Beauty,NetBanking,Delivered,2024-01-18,3,2315,6945,4
CUST0257,Meena,Female,Salem,Clothing,Card,Delivered,2024-06-30,3,3839,11517,5
CUST0005,Swathi,Female,Trichy,Clothing,Cash,Pending,2024-04-22,4,873,3492,7
CUST0218,Surya,Female,Tirunelveli,Clothing,Card,Delivered,2024-08-16,9,3481,31329,6
CUST0255,Sneha,Female,Coimbatore,Electronics,NetBanking,Delivered,2024-06-19,5,4201,21005,3
CUST0283,Prakash,Male,Tirunelveli,Groceries,UPI,Cancelled,2024-10-21,8,4263,34104,6
CUST0207,Preethi,Female,Salem,Furniture,Card,Delivered,2024-07-07,6,847,5082,3
CUST0015,Kumar,Female,Trichy,Groceries,UPI,Delivered,2024-03-19,3,829,2487,5
CUST0042,Kala,Male,Madurai,Groceries,UPI,Delivered,2024-05-25,8,2900,23200,5
CUST0179,Dinesh,Male,Salem,Groceries,UPI,Delivered,2024-06-30,9,2942,26478,5
CUST0063,Jeeva,Female,Trichy,Clothing,Card,Delivered,2024-10-12,8,1943,15544,8
CUST0231,Madhan,Female,Tirunelveli,Books,UPI,Delivered,2024-09-06,4,3356,13424,6
CUST0241,Nila,Male,Chennai,Clothing,UPI,Returned,2024-12-19,6,2952,17712,1
CUST0052,Karthik,Female,Chennai,Clothing,Card,Cancelled,2024-11-09,1,4853,4853,3
CUST0096,Arun,Male,Coimbatore,Beauty,UPI,Delivered,2024-07-14,4,3768,15072,5
CUST0222,Suresh,Male,Trichy,Beauty,Card,Delivered,2024-11-18,8,71,568,3
CUST0231,Lakshmi,Male,Chennai,Groceries,NetBanking,Returned,2024-03-11,1,1550,1550,6
CUST0237,Senthil,Male,Madurai,Clothing,NetBanking,Delivered,2024-09-04,3,892,2676,4
CUST0143,Vijay,Female,Trichy,Groceries,NetBanking,Returned,2024-05-25,1,1810,1810,4
CUST0171,Chandru,Male,Madurai,Beauty,UPI,Cancelled,2024-04-15,9,3691,33219,2
CUST0029,Ajith,Male,Madurai,Books,Cash,Cancelled,2024-09-19,2,241,482,3
CUST0036,Harini,Female,Chennai,Furniture,Cash,Delivered,2024-10-22,9,445,4005,4
CUST0013,Ashok,Male,Trichy,Groceries,UPI,Delivered,2024-03-10,4,4712,18848,5
CUST0160,Raghu,Female,Tirunelveli,Books,Cash,Delivered,2024-07-11,2,4376,8752,7
CUST0187,Bharath,Female,Salem,Furniture,Card,Cancelled,2024-03-08,4,923,3692,5
CUST0243,Mahalakshmi,Female,Chennai,Electronics,Cash,Delivered,2024-10-31,6,2671,16026,3
CUST0086,Priya,Male,Chennai,Groceries,UPI,Cancelled,2024-02-21,7,4385,30695,4
CUST0284,Prakash,Female,Tirunelveli,Groceries,UPI,Delivered,2024-12-28,3,139,417,4
CUST0066,Ajith,Female,Trichy,Electronics,Card,Delivered,2024-10-11,3,2329,6987,2
CUST0170,Vishnu,Male,Trichy,Electronics,NetBanking,Delivered,2024-11-29,8,506,4048,6
CUST0045,Manoj,Female,Madurai,Groceries,UPI,Delivered,2024-01-09,5,2330,11650,1
CUST0062,Sangeetha,Female,Tirunelveli,Electronics,Card,Delivered,2024-09-07,4,4499,17996,5
CUST0134,Ganesh,Female,Tirunelveli,Clothing,Cash,Delivered,2024-11-27,7,1054,7378,5
CUST0284,Gayathri,Female,Trichy,Furniture,Cash,Pending,2024-10-24,7,4584,32088,4
CUST0028,Nandakumar,Female,Madurai,Furniture,Card,Delivered,2024-07-02,9,394,3546,5
CUST0108,Sivakumar,Male,Chennai,Furniture,Card,Delivered,2024-06-27,9,2761,24849,2
CUST0044,Shalini,Female,Coimbatore,Clothing,UPI,Delivered,2024-07-16,5,4802,24010,4
CUST0286,Vasanthi,Female,Salem,Electronics,Cash,Returned,2024-05-07,8,2512,20096,7
CUST0128,Harini,Male,Chennai,Books,Card,Cancelled,2024-01-20,1,1166,1166,5
CUST0231,Santhosh,Male,Trichy,Electronics,Cash,Delivered,2024-11-23,9,675,6075,6
CUST0190,Preethi,Male,Salem,Groceries,Card,Returned,2024-03-05,8,4429,35432,6
CUST0225,Kishore,Female,Coimbatore,Beauty,Cash,Cancelled,2024-06-30,6,2029,12174,5
CUST0283,Divya,Male,Coimbatore,Furniture,NetBanking,Delivered,2024-08-28,3,4044,12132,6
CUST0121,Shalini,Female,Madurai,Electronics,UPI,Delivered,2024-01-24,3,1728,5184,2
CUST0116,Shalini,Female,Salem,Books,Cash,Delivered,2024-03-23,8,272,2176,3
CUST0233,Kala,Male,Madurai,Groceries,NetBanking,Delivered,2024-11-14,5,793,3965,8
CUST0259,Deepa,Male,Chennai,Clothing,Cash,Returned,2024-07-03,7,512,3584,6
CUST0198,Preethi,Female,Tirunelveli,Clothing,Cash,Delivered,2024-11-11,5,1618,8090,6
CUST0137,Raja,Male,Tirunelveli,Books,NetBanking,Pending,2024-04-08,8,3397,27176,4
CUST0165,Preethi,Female,Tirunelveli,Groceries,Cash,Delivered,2024-03-02,4,1786,7144,4
CUST0225,Arun,Male,Salem,Furniture,Cash,Delivered,2024-10-12,2,4089,8178,5
CUST0234,Senthil,Male,Tirunelveli,Electronics,UPI,Delivered,2024-01-22,3,4001,12003,1
CUST0172,Preethi,Male,Chennai,Groceries,NetBanking,Delivered,2024-07-30,8,714,5712,5
CUST0152,Ashok,Female,Madurai,Clothing,NetBanking,Cancelled,2024-05-05,7,1406,9842,7
CUST0160,Karthik,Male,Salem,Books,Card,Cancelled,2024-02-11,2,1064,2128,7
CUST0096,Hema,Female,Madurai,Books,Cash,Delivered,2024-04-07,6,2182,13092,5
CUST0233,Sowmya,Female,Salem,Electronics,UPI,Delivered,2024-01-31,9,2718,24462,8
CUST0180,Senthil,Female,Madurai,Books,Cash,Delivered,2024-06-06,4,1104,4416,6
CUST0113,Vijay,Female,Coimbatore,Books,Cash,Delivered,2024-04-21,9,1814,16326,7
CUST0052,Preethi,Male,Madurai,Groceries,Card,Delivered,2024-09-03,2,4508,9016,3
CUST0268,Kumar,Female,Tirunelveli,Furniture,Cash,Delivered,2024-05-01,2,2919,5838,5
CUST0295,Raghu,Female,Coimbatore,Electronics,UPI,Delivered,2024-09-29,9,1462,13158,2
CUST0113,Kala,Male,Madurai,Groceries,UPI,Pending,2024-10-20,7,717,5019,7
CUST0101,Aishwarya,Female,Salem,Furniture,Card,Delivered,2024-07-25,7,3420,23940,7
CUST0113,Chandru,Male,Salem,Groceries,Cash,Delivered,2024-04-19,1,1444,1444,7
CUST0081,Sivakumar,Female,Salem,Beauty,UPI,Delivered,2024-10-04,6,148,888,4
CUST0187,Gayathri,Male,Trichy,Groceries,Cash,Delivered,2024-02-25,7,4120,28840,5
CUST0113,Mahalakshmi,Female,Chennai,Books,Cash,Delivered,2024-02-26,6,471,2826,7
CUST0002,Preethi,Male,Salem,Furniture,Cash,Pending,2024-10-17,6,3700,22200,3
CUST0130,Ranjani,Female,Coimbatore,Electronics,Card,Returned,2024-04-23,2,4207,8414,4
CUST0220,Mahalakshmi,Female,Salem,Electronics,Cash,Delivered,2024-11-03,6,1182,7092,7
CUST0054,Meena,Male,Trichy,Furniture,UPI,Delivered,2024-12-06,4,1752,7008,7
CUST0224,Mahesh,Male,Tirunelveli,Books,Cash,Delivered,2024-07-16,9,3670,33030,5
CUST0225,Vimala,Male,Coimbatore,Clothing,UPI,Cancelled,2024-11-16,1,3240,3240,5
CUST0126,Karthik,Male,Trichy,Groceries,Cash,Delivered,2024-06-27,8,647,5176,6
CUST0130,Nandhini,Female,Tirunelveli,Books,UPI,Delivered,2024-08-06,5,441,2205,4
CUST0053,Sivakumar,Female,Coimbatore,Beauty,UPI,Delivered,2024-10-03,1,1125,1125,7
CUST0172,Vimala,Male,Madurai,Furniture,Cash,Delivered,2024-01-16,4,2700,10800,5
CUST0218,Vimala,Female,Chennai,Groceries,Cash,Delivered,2024-03-01,1,2434,2434,6
CUST0160,Poornima,Male,Chennai,Electronics,UPI,Pending,2024-02-23,6,859,5154,7
CUST0198,Arun,Male,Trichy,Clothing,NetBanking,Delivered,2024-06-16,2,3359,6718,6
CUST0247,Naveen,Female,Tirunelveli,Beauty,Card,Delivered,2024-01-26,5,3788,18940,6
CUST0203,Vimala,Female,Chennai,Electronics,NetBanking,Delivered,2024-12-01,7,1209,8463,3
CUST0184,Gokul,Female,Tirunelveli,Furniture,NetBanking,Returned,2024-03-05,2,1581,3162,4
CUST0123,Kala,Female,Tirunelveli,Groceries,Cash,Pending,2024-04-09,6,2732,16392,2
CUST0255,Gayathri,Female,Trichy,Furniture,Card,Delivered,2024-03-14,6,303,1818,3
CUST0294,Hema,Female,Trichy,Groceries,NetBanking,Cancelled,2024-07-10,5,3598,17990,6
CUST0280,Gayathri,Female,Trichy,Books,Cash,Delivered,2024-06-19,5,3235,16175,5
CUST0098,Sandhya,Male,Chennai,Clothing,NetBanking,Delivered,2024-09-29,3,1281,3843,3
CUST0198,Sriram,Male,Trichy,Books,NetBanking,Delivered,2024-07-05,2,2473,4946,6
CUST0240,Raja,Male,Chennai,Books,Cash,Delivered,2024-01-23,7,3625,25375,3
CUST0144,Nandhini,Male,Trichy,Furniture,Cash,Delivered,2024-06-29,1,4311,4311,8
CUST0097,Murugan,Male,Salem,Clothing,Cash,Delivered,2024-11-22,6,1623,9738,3
CUST0201,Janani,Female,Tirunelveli,Groceries,Card,Delivered,2024-04-17,6,2958,17748,3
CUST0124,Aishwarya,Male,Trichy,Groceries,NetBanking,Pending,2024-11-30,3,4762,14286,2
CUST0187,Saran,Male,Coimbatore,Beauty,Cash,Delivered,2024-06-10,2,1675,3350,5
CUST0259,Hema,Male,Tirunelveli,Electronics,UPI,Delivered,2024-10-28,2,4048,8096,6
CUST0148,Ramesh,Male,Tirunelveli,Beauty,NetBanking,Delivered,2024-07-24,9,3933,35397,5
CUST0252,Saranya,Male,Trichy,Beauty,UPI,Cancelled,2024-03-18,5,3565,17825,7
CUST0147,Sekar,Male,Madurai,Groceries,Card,Delivered,2024-01-16,7,3453,24171,6
CUST0148,Sivakumar,Male,Trichy,Furniture,Cash,Delivered,2024-11-22,5,4648,23240,5
CUST0199,Hema,Female,Tirunelveli,Books,UPI,Pending,2024-04-05,7,4730,33110,1
CUST0128,Rithika,Female,Coimbatore,Books,Card,Delivered,2024-05-26,4,2008,8032,5
CUST0039,Karthik,Male,Tirunelveli,Books,Cash,Delivered,2024-01-02,8,4059,32472,8
CUST0129,Keerthi,Female,Coimbatore,Clothing,UPI,Returned,2024-01-10,7,2785,19495,3
CUST0267,Sivakumar,Female,Chennai,Groceries,UPI,Delivered,2024-05-04,5,4541,22705,4
CUST0151,Sangeetha,Female,Salem,Furniture,Card,Delivered,2024-03-21,6,3224,19344,5
CUST0298,Naveen,Female,Tirunelveli,Clothing,Cash,Delivered,2024-05-19,5,451,2255,1
CUST0099,Venkatesh,Male,Trichy,Electronics,Cash,Delivered,2024-11-21,7,1024,7168,9
CUST0263,Naveen,Female,Chennai,Furniture,UPI,Delivered,2024-05-29,2,273,546,1
CUST0252,Keerthi,Female,Salem,Beauty,UPI,Delivered,2024-10-14,5,4663,23315,7
CUST0144,Nandakumar,Female,Trichy,Furniture,UPI,Delivered,2024-12-26,3,285,855,8
CUST0112,Mahalakshmi,Male,Madurai,Furniture,Cash,Delivered,2024-12-05,9,3548,31932,4
CUST0060,Surya,Male,Trichy,Books,Card,Cancelled,2024-05-08,6,4261,25566,3
CUST0002,Uma,Male,Coimbatore,Furniture,Card,Delivered,2024-08-26,3,3284,9852,3
CUST0254,Mahesh,Male,Coimbatore,Beauty,Cash,Delivered,2024-02-27,7,275,1925,5
CUST0140,Arun,Male,Madurai,Beauty,NetBanking,Returned,2024-07-16,4,2327,9308,2
CUST0037,Ramesh,Male,Chennai,Groceries,Card,Delivered,2024-07-29,3,4327,12981,3
CUST0160,Kishore,Male,Salem,Furniture,UPI,Delivered,2024-02-14,8,1391,11128,7
CUST0009,Bhavani,Female,Trichy,Books,NetBanking,Pending,2024-04-06,4,4086,16344,3
CUST0233,Prakash,Female,Coimbatore,Furniture,NetBanking,Delivered,2024-10-05,1,259,259,8
CUST0099,Balaji,Female,Chennai,Electronics,Card,Delivered,2024-01-23,6,3777,22662,9
CUST0147,Harini,Male,Madurai,Electronics,NetBanking,Cancelled,2024-11-30,1,3978,3978,6
CUST0208,Rajesh,Male,Tirunelveli,Books,NetBanking,Delivered,2024-02-13,5,2853,14265,3
CUST0131,Saranya,Male,Coimbatore,Groceries,Card,Delivered,2024-01-27,7,1159,8113,4
CUST0152,Hemalatha,Male,Madurai,Groceries,Card,Delivered,2024-10-08,6,2076,12456,7
CUST0054,Vimala,Male,Trichy,Beauty,NetBanking,Delivered,2024-04-06,2,443,886,7
CUST0120,Arun,Female,Salem,Beauty,UPI,Delivered,2024-02-05,4,893,3572,2
CUST0161,Sneha,Female,Coimbatore,Clothing,Cash,Pending,2024-04-18,2,1574,3148,6
CUST0116,Meena,Male,Coimbatore,Books,NetBanking,Delivered,2024-02-24,1,653,653,3
CUST0075,Saran,Male,Trichy,Furniture,NetBanking,Returned,2024-07-10,3,631,1893,5
CUST0113,Kumar,Male,Tirunelveli,Books,UPI,Delivered,2024-08-06,3,1989,5967,7
CUST0104,Gayathri,Male,Chennai,Clothing,NetBanking,Returned,2024-07-03,7,182,1274,7
CUST0254,Vijay,Female,Salem,Beauty,NetBanking,Cancelled,2024-03-09,1,2888,2888,5
CUST0227,Naveen,Male,Coimbatore,Books,Cash,Delivered,2024-11-12,9,3435,30915,5
CUST0112,Sneha,Male,Salem,Books,Cash,Delivered,2024-05-09,6,3820,22920,4
CUST0099,Rithika,Male,Coimbatore,Beauty,Cash,Delivered,2024-02-24,4,2318,9272,9
CUST0153,Karthik,Male,Salem,Clothing,Card,Delivered,2024-04-06,3,1025,3075,3
CUST0194,Keerthi,Female,Madurai,Beauty,Card,Returned,2024-12-01,3,1863,5589,3
CUST0163,Aishwarya,Male,Coimbatore,Groceries,Cash,Returned,2024-03-27,2,3313,6626,4
CUST0208,Poornima,Male,Salem,Furniture,Cash,Delivered,2024-10-20,2,1593,3186,3
CUST0169,Surya,Female,Chennai,Beauty,Card,Delivered,2024-04-28,5,2885,14425,1
CUST0161,Aishwarya,Female,Madurai,Clothing,UPI,Delivered,2024-07-26,9,2788,25092,6
CUST0068,Raja,Female,Madurai,Electronics,NetBanking,Delivered,2024-11-29,2,1407,2814,2
CUST0289,Sowmya,Male,Chennai,Groceries,NetBanking,Delivered,2024-06-02,2,4184,8368,7
CUST0277,Sangeetha,Male,Salem,Electronics,Cash,Cancelled,2024-02-04,6,1366,8196,6
CUST0135,Janani,Female,Trichy,Beauty,UPI,Pending,2024-03-19,2,211,422,3
CUST0195,Sathish,Female,Chennai,Groceries,Card,Delivered,2024-03-07,4,1959,7836,3
CUST0128,Revathi,Female,Salem,Furniture,Cash,Delivered,2024-12-08,6,1177,7062,5
CUST0033,Vasanthi,Female,Chennai,Beauty,UPI,Delivered,2024-02-03,5,3920,19600,3
CUST0176,Poornima,Female,Chennai,Furniture,UPI,Delivered,2024-04-06,1,1708,1708,2
CUST0022,Dinesh,Female,Coimbatore,Books,UPI,Delivered,2024-06-17,6,3175,19050,3
CUST0238,Rithika,Male,Salem,Electronics,Card,Delivered,2024-06-17,1,2013,2013,3
CUST0158,Ilango,Male,Trichy,Groceries,Card,Returned,2024-05-30,3,2339,7017,4
CUST0038,Rohit,Male,Coimbatore,Furniture,NetBanking,Delivered,2024-03-11,5,1016,5080,5
CUST0230,Surya,Female,Chennai,Clothing,NetBanking,Delivered,2024-01-03,5,939,4695,2
CUST0051,Sandhya,Female,Tirunelveli,Furniture,UPI,Pending,2024-11-09,6,3111,18666,7
CUST0264,Surya,Female,Chennai,Clothing,UPI,Cancelled,2024-02-01,8,3679,29432,6
CUST0283,Lakshmi,Female,Chennai,Beauty,Card,Delivered,2024-10-13,5,3239,16195,6
CUST0027,Hari,Female,Salem,Groceries,NetBanking,Delivered,2024-03-22,1,2798,2798,1
CUST0226,Sneha,Female,Salem,Furniture,UPI,Delivered,2024-02-12,5,1716,8580,3
CUST0277,Keerthi,Male,Coimbatore,Furniture,NetBanking,Cancelled,2024-04-14,3,3116,9348,6
CUST0286,Anitha,Male,Trichy,Groceries,NetBanking,Cancelled,2024-01-01,4,1491,5964,7
CUST0097,Rajesh,Female,Coimbatore,Furniture,UPI,Delivered,2024-03-01,8,1117,8936,3
CUST0284,Venkatesh,Male,Madurai,Clothing,Card,Delivered,2024-09-26,7,4273,29911,4
CUST0147,Murugan,Female,Chennai,Furniture,UPI,Returned,2024-06-28,5,2973,14865,6
CUST0004,Surya,Male,Tirunelveli,Electronics,UPI,Delivered,2024-08-11,2,4303,8606,4
CUST0035,Sneha,Female,Chennai,Beauty,NetBanking,Delivered,2024-01-06,6,3906,23436,6
CUST0192,Padma,Female,Chennai,Books,UPI,Delivered,2024-04-12,6,876,5256,7
CUST0049,Sivakumar,Male,Coimbatore,Clothing,Card,Delivered,2024-01-10,6,4657,27942,4
CUST0017,Nithya,Male,Tirunelveli,Electronics,UPI,Delivered,2024-03-11,9,4035,36315,2
CUST0172,Deepa,Female,Tirunelveli,Beauty,Card,Returned,2024-03-30,8,2142,17136,5
CUST0220,Janani,Female,Tirunelveli,Groceries,Card,Pending,2024-08-13,8,3229,25832,7
CUST0158,Raghu,Male,Coimbatore,Clothing,NetBanking,Delivered,2024-06-06,1,4588,4588,4
CUST0046,Poornima,Male,Chennai,Books,Cash,Delivered,2024-08-15,5,3951,19755,3
CUST0006,Anitha,Female,Coimbatore,Beauty,Cash,Delivered,2024-05-05,7,2412,16884,4
CUST0099,Senthil,Male,Salem,Books,NetBanking,Delivered,2024-07-27,6,2274,13644,9
CUST0233,Senthil,Female,Salem,Groceries,UPI,Delivered,2024-04-06,5,1776,8880,8
CUST0037,Hari,Female,Coimbatore,Groceries,NetBanking,Pending,2024-03-14,8,2056,16448,3
CUST0280,Deepa,Female,Tirunelveli,Clothing,Card,Delivered,2024-04-24,3,316,948,5
CUST0181,Shalini,Female,Chennai,Furniture,Cash,Delivered,2024-07-09,6,887,5322,2
CUST0095,Monisha,Male,Coimbatore,Groceries,NetBanking,Delivered,2024-06-18,5,4634,23170,7
CUST0099,Saran,Male,Coimbatore,Beauty,UPI,Returned,2024-11-02,8,4847,38776,9
CUST0188,Ilango,Male,Coimbatore,Furniture,NetBanking,Cancelled,2024-07-22,4,736,2944,3
CUST0116,Sneha,Male,Madurai,Electronics,Cash,Pending,2024-02-25,8,3411,27288,3
CUST0191,Naveen,Male,Salem,Books,NetBanking,Cancelled,2024-07-26,2,406,812,3
CUST0253,Priya,Male,Tirunelveli,Furniture,NetBanking,Delivered,2024-02-10,9,3865,34785,6
CUST0161,Dinesh,Male,Trichy,Books,Cash,Delivered,2024-02-01,9,921,8289,6
CUST0256,Monisha,Female,Tirunelveli,Furniture,Card,Delivered,2024-01-15,6,2023,12138,2
CUST0128,Aravind,Male,Trichy,Electronics,Card,Delivered,2024-03-02,4,4697,18788,5
CUST0018,Murugan,Male,Madurai,Groceries,Cash,Delivered,2024-06-03,4,1860,7440,1
CUST0281,Kala,Female,Coimbatore,Electronics,NetBanking,Delivered,2024-10-10,6,4468,26808,2
CUST0223,Deepa,Male,Madurai,Groceries,Cash,Delivered,2024-07-27,5,2691,13455,5
CUST0054,Sindhu,Male,Madurai,Groceries,Card,Delivered,2024-11-15,6,2278,13668,7
CUST0058,Divya,Female,Chennai,Books,UPI,Delivered,2024-07-05,7,3441,24087,6
CUST0174,Kumar,Male,Salem,Beauty,NetBanking,Cancelled,2024-05-09,7,4228,29596,2
CUST0280,Aishwarya,Male,Trichy,Electronics,Card,Delivered,2024-05-06,9,2400,21600,5
CUST0114,Sindhu,Male,Coimbatore,Furniture,NetBanking,Delivered,2024-10-18,8,4407,35256,2
CUST0288,Gokul,Female,Trichy,Electronics,Cash,Delivered,2024-04-23,6,4929,29574,4
CUST0151,Hemalatha,Male,Tirunelveli,Books,UPI,Delivered,2024-07-17,6,2789,16734,5
CUST0127,Bharath,Male,Trichy,Groceries,Cash,Delivered,2024-01-13,5,2780,13900,4
CUST0155,Gayathri,Female,Tirunelveli,Books,UPI,Delivered,2024-09-27,1,1368,1368,2
CUST0273,Surya,Male,Salem,Clothing,NetBanking,Delivered,2024-03-29,9,1585,14265,5
CUST0104,Venkatesh,Female,Tirunelveli,Clothing,NetBanking,Delivered,2024-08-02,9,4834,43506,7
CUST0299,Revathi,Female,Trichy,Furniture,Cash,Delivered,2024-10-04,9,2493,22437,2
CUST0246,Sathish,Male,Trichy,Books,UPI,Delivered,2024-07-21,8,1822,14576,2
CUST0176,Poornima,Female,Tirunelveli,Furniture,UPI,Delivered,2024-03-14,3,3259,9777,2
CUST0039,Ranjani,Female,Madurai,Furniture,NetBanking,Delivered,2024-01-25,1,4984,4984,8
CUST0170,Venkatesh,Male,Salem,Clothing,Cash,Delivered,2024-04-10,8,927,7416,6
CUST0247,Sindhu,Female,Chennai,Furniture,UPI,Delivered,2024-06-24,7,2920,20440,6
CUST0026,Aishwarya,Female,Coimbatore,Clothing,NetBanking,Delivered,2024-04-26,5,3250,16250,3
CUST0013,Gayathri,Male,Trichy,Groceries,Card,Delivered,2024-06-14,7,4194,29358,5
CUST0036,Madhan,Male,Coimbatore,Books,Cash,Delivered,2024-02-10,4,3797,15188,4
CUST0173,Prakash,Male,Chennai,Furniture,Card,Delivered,2024-12-09,9,2886,25974,7
CUST0020,Vasanthi,Female,Coimbatore,Clothing,Cash,Returned,2024-04-29,2,342,684,3
CUST0264,Senthil,Male,Chennai,Electronics,NetBanking,Cancelled,2024-04-06,9,1701,15309,6
CUST0142,Vimala,Female,Tirunelveli,Furniture,UPI,Cancelled,2024-05-24,9,4681,42129,2
CUST0143,Murugan,Female,Madurai,Beauty,UPI,Delivered,2024-08-03,5,4456,22280,4
CUST0092,Surya,Female,Trichy,Groceries,UPI,Delivered,2024-08-16,1,586,586,5
CUST0288,Vijay,Female,Chennai,Groceries,Cash,Delivered,2024-11-08,7,2736,19152,4
CUST0215,Vishnu,Female,Coimbatore,Electronics,NetBanking,Delivered,2024-05-09,4,283,1132,6
CUST0051,Sneha,Female,Trichy,Clothing,Card,Delivered,2024-12-17,9,2702,24318,7
CUST0153,Mahesh,Female,Madurai,Furniture,NetBanking,Delivered,2024-11-13,6,2424,14544,3
CUST0186,Harini,Male,Tirunelveli,Clothing,Card,Pending,2024-05-16,3,2322,6966,3
CUST0063,Pavithra,Male,Trichy,Groceries,Cash,Delivered,2024-11-19,6,1016,6096,8
CUST0190,Bhavani,Female,Chennai,Clothing,Cash,Cancelled,2024-12-02,6,939,5634,6
CUST0125,Sathish,Female,Madurai,Groceries,Card,Delivered,2024-09-29,5,3913,19565,2
CUST0150,Aishwarya,Male,Coimbatore,Clothing,Card,Delivered,2024-04-26,2,3450,6900,4
CUST0058,Ganesh,Female,Madurai,Electronics,Card,Delivered,2024-11-01,2,84,168,6
CUST0180,Hemalatha,Male,Madurai,Books,NetBanking,Delivered,2024-04-03,7,4592,32144,6
CUST0170,Rajesh,Male,Salem,Electronics,Card,Returned,2024-06-16,2,3573,7146,6
CUST0271,Kishore,Male,Madurai,Electronics,Cash,Delivered,2024-07-21,6,1813,10878,4
CUST0054,Sangeetha,Female,Madurai,Books,Cash,Delivered,2024-12-06,5,3341,16705,7
CUST0101,Santhosh,Female,Trichy,Books,UPI,Returned,2024-05-28,4,2538,10152,7
CUST0264,Keerthi,Male,Coimbatore,Furniture,Card,Delivered,2024-07-01,7,2750,19250,6
CUST0053,Jeeva,Male,Trichy,Furniture,NetBanking,Pending,2024-05-31,8,1608,12864,7
CUST0060,Anitha,Male,Trichy,Electronics,NetBanking,Delivered,2024-03-14,4,4740,18960,3
CUST0108,Saranya,Male,Chennai,Electronics,NetBanking,Delivered,2024-12-30,1,2326,2326,2
CUST0005,Lakshmi,Male,Trichy,Groceries,UPI,Delivered,2024-09-30,1,4056,4056,7
CUST0103,Padma,Female,Salem,Groceries,Cash,Delivered,2024-02-11,1,4489,4489,4
CUST0196,Ajith,Male,Salem,Furniture,NetBanking,Delivered,2024-07-30,1,1153,1153,3
CUST0262,Vasanthi,Female,Chennai,Beauty,Cash,Delivered,2024-04-10,5,1469,7345,2
CUST0047,Gayathri,Male,Tirunelveli,Beauty,UPI,Returned,2024-02-14,4,1528,6112,6
CUST0144,Bharath,Female,Coimbatore,Furniture,Card,Cancelled,2024-03-22,9,3964,35676,8
CUST0269,Raghu,Female,Coimbatore,Groceries,Card,Delivered,2024-01-17,3,3792,11376,1
CUST0124,Sathish,Female,Trichy,Groceries,Card,Delivered,2024-03-13,7,3006,21042,2
CUST0106,Ranjani,Female,Trichy,Beauty,NetBanking,Delivered,2024-01-14,8,1432,11456,4
CUST0158,Bharath,Female,Tirunelveli,Clothing,Card,Delivered,2024-06-05,6,2624,15744,4
CUST0147,Preethi,Female,Trichy,Clothing,NetBanking,Delivered,2024-08-10,1,3434,3434,6
CUST0145,Nithya,Male,Coimbatore,Groceries,UPI,Delivered,2024-05-11,8,1619,12952,6
CUST0120,Ranjani,Female,Madurai,Clothing,UPI,Delivered,2024-12-03,3,1944,5832,2
CUST0275,Ranjani,Male,Salem,Books,NetBanking,Delivered,2024-02-16,8,2293,18344,3
CUST0092,Aravind,Female,Madurai,Furniture,Cash,Pending,2024-04-16,4,1916,7664,5
CUST0058,Mahalakshmi,Female,Madurai,Furniture,Card,Delivered,2024-04-17,8,78,624,6
CUST0229,Harini,Male,Coimbatore,Groceries,Card,Delivered,2024-09-21,1,755,755,6
CUST0117,Hema,Female,Madurai,Electronics,Card,Delivered,2024-07-23,3,1070,3210,3
CUST0279,Ajith,Male,Tirunelveli,Beauty,NetBanking,Delivered,2024-03-19,6,2113,12678,2
CUST0127,Poornima,Male,Chennai,Groceries,UPI,Delivered,2024-06-03,9,1496,13464,4
CUST0129,Hemalatha,Male,Trichy,Clothing,Card,Delivered,2024-09-27,2,3714,7428,3
CUST0058,Anitha,Male,Chennai,Beauty,UPI,Cancelled,2024-09-03,1,3037,3037,6
CUST0122,Gokul,Female,Salem,Electronics,Card,Delivered,2024-01-19,3,3652,10956,6
CUST0001,Hemalatha,Female,Trichy,Clothing,Card,Delivered,2024-12-11,4,3735,14940,8
CUST0239,Suresh,Male,Madurai,Books,NetBanking,Pending,2024-01-26,5,3418,17090,5
CUST0290,Sandhya,Female,Salem,Clothing,Cash,Cancelled,2024-08-04,3,3631,10893,2
CUST0096,Divya,Female,Trichy,Books,NetBanking,Delivered,2024-06-02,2,2812,5624,5
CUST0126,Madhan,Male,Tirunelveli,Beauty,Card,Delivered,2024-06-02,2,4087,8174,6
CUST0118,Sriram,Female,Tirunelveli,Books,Card,Delivered,2024-06-22,7,622,4354,6
CUST0048,Uma,Male,Tirunelveli,Beauty,Cash,Delivered,2024-04-01,9,4138,37242,3
CUST0089,Mahalakshmi,Male,Tirunelveli,Beauty,UPI,Delivered,2024-12-03,2,664,1328,4
CUST0237,Saranya,Female,Madurai,Beauty,UPI,Delivered,2024-06-29,7,4100,28700,4
CUST0272,Ganesh,Female,Chennai,Beauty,Card,Delivered,2024-05-10,7,375,2625,2
CUST0189,Deepa,Female,Trichy,Beauty,UPI,Delivered,2024-10-24,7,3790,26530,3
CUST0192,Naveen,Male,Madurai,Clothing,Card,Delivered,2024-10-01,3,408,1224,7
CUST0069,Murugan,Male,Tirunelveli,Beauty,Cash,Delivered,2024-09-29,7,3827,26789,6
CUST0278,Bharath,Female,Chennai,Clothing,Cash,Delivered,2024-03-16,1,2421,2421,1
CUST0247,Naveen,Female,Salem,Beauty,Card,Delivered,2024-06-25,1,1771,1771,6
CUST0076,Ranjani,Female,Salem,Books,Cash,Delivered,2024-07-02,5,1399,6995,4
CUST0154,Sriram,Female,Salem,Beauty,NetBanking,Delivered,2024-11-14,2,3746,7492,5
CUST0144,Preethi,Male,Tirunelveli,Electronics,NetBanking,Delivered,2024-05-10,9,3946,35514,8
CUST0086,Prakash,Female,Salem,Beauty,Cash,Delivered,2024-12-28,7,4310,30170,4
CUST0185,Vijay,Male,Coimbatore,Beauty,Card,Delivered,2024-02-18,4,1646,6584,1
CUST0285,Meena,Male,Trichy,Books,Card,Delivered,2024-02-24,4,1677,6708,5
CUST0220,Arun,Female,Trichy,Furniture,Cash,Cancelled,2024-06-02,2,2552,5104,7
CUST0069,Ranjani,Female,Tirunelveli,Books,UPI,Cancelled,2024-12-20,5,3858,19290,6
CUST0047,Arun,Female,Coimbatore,Electronics,NetBanking,Delivered,2024-07-18,4,242,968,6
CUST0094,Swathi,Male,Madurai,Furniture,UPI,Delivered,2024-11-03,1,2724,2724,3
CUST0238,Sneha,Female,Madurai,Groceries,Card,Delivered,2024-12-21,8,3895,31160,3
CUST0204,Arun,Female,Salem,Groceries,Card,Delivered,2024-04-27,3,2627,7881,1
CUST0218,Saranya,Male,Chennai,Electronics,UPI,Delivered,2024-09-19,6,141,846,6
CUST0039,Ilango,Female,Madurai,Books,Cash,Pending,2024-02-15,4,4284,17136,8
CUST0100,Monisha,Male,Chennai,Clothing,UPI,Delivered,2024-10-28,9,530,4770,4
CUST0289,Bharath,Female,Trichy,Electronics,UPI,Delivered,2024-12-21,7,2966,20762,7
CUST0254,Saran,Male,Chennai,Furniture,NetBanking,Returned,2024-07-07,9,4485,40365,5
CUST0222,Nithya,Female,Trichy,Furniture,NetBanking,Pending,2024-11-05,3,1125,3375,3
CUST0023,Venkatesh,Female,Coimbatore,Beauty,UPI,Cancelled,2024-11-13,1,2563,2563,4
CUST0250,Padma,Male,Coimbatore,Groceries,UPI,Delivered,2024-05-08,5,848,4240,3
CUST0010,Pavithra,Male,Tirunelveli,Furniture,Card,Delivered,2024-02-18,3,4620,13860,4
CUST0246,Saranya,Female,Tirunelveli,Electronics,NetBanking,Delivered,2024-01-25,6,3999,23994,2
CUST0100,Raghu,Male,Salem,Furniture,NetBanking,Delivered,2024-09-22,8,654,5232,4
CUST0290,Kishore,Male,Madurai,Electronics,Card,Delivered,2024-04-27,4,3029,12116,2
CUST0180,Manoj,Male,Salem,Clothing,Cash,Delivered,2024-05-23,5,4966,24830,6
CUST0223,Nila,Male,Trichy,Beauty,NetBanking,Pending,2024-07-18,5,647,3235,5
CUST0250,Saran,Female,Salem,Groceries,NetBanking,Delivered,2024-06-05,4,1582,6328,3
CUST0147,Madhan,Female,Chennai,Furniture,Cash,Delivered,2024-12-13,4,563,2252,6
CUST0096,Preethi,Male,Trichy,Electronics,NetBanking,Delivered,2024-05-13,4,1927,7708,5
CUST0257,Saran,Male,Tirunelveli,Books,NetBanking,Delivered,2024-05-27,4,4022,16088,5
CUST0004,Padma,Male,Coimbatore,Groceries,Cash,Delivered,2024-12-01,4,3893,15572,4
CUST0016,Saranya,Male,Tirunelveli,Clothing,Cash,Delivered,2024-03-11,5,1749,8745,1
CUST0280,Sneha,Female,Madurai,Electronics,UPI,Delivered,2024-08-20,2,1079,2158,5
CUST0247,Mahesh,Female,Trichy,Beauty,Card,Cancelled,2024-11-29,2,4645,9290,6
CUST0258,Surya,Male,Trichy,Beauty,Card,Delivered,2024-10-25,9,766,6894,2
CUST0160,Prakash,Male,Chennai,Clothing,Cash,Pending,2024-06-02,2,4136,8272,7
CUST0152,Kavitha,Male,Madurai,Clothing,Cash,Delivered,2024-03-30,6,715,4290,7
CUST0178,Saran,Female,Coimbatore,Beauty,NetBanking,Delivered,2024-11-29,2,2258,4516,3
CUST0163,Swathi,Male,Trichy,Furniture,UPI,Delivered,2024-07-17,5,1129,5645,4
CUST0033,Mahalakshmi,Female,Trichy,Furniture,UPI,Delivered,2024-06-09,4,277,1108,3
CUST0179,Kavitha,Male,Chennai,Electronics,Cash,Delivered,2024-01-26,7,198,1386,5
CUST0101,Naveen,Female,Salem,Books,NetBanking,Delivered,2024-04-30,7,1119,7833,7
CUST0268,Ranjani,Male,Coimbatore,Electronics,NetBanking,Returned,2024-10-27,6,4777,28662,5
CUST0065,Arun,Female,Tirunelveli,Books,Card,Returned,2024-07-30,5,1413,7065,3
CUST0168,Saran,Male,Madurai,Clothing,Card,Delivered,2024-03-03,1,4558,4558,3
CUST0043,Priya,Male,Trichy,Groceries,NetBanking,Cancelled,2024-03-08,3,1805,5415,2
CUST0044,Saranya,Male,Trichy,Electronics,Card,Delivered,2024-09-09,9,569,5121,4
CUST0285,Aishwarya,Female,Tirunelveli,Electronics,Cash,Cancelled,2024-01-02,1,3594,3594,5
CUST0012,Rithika,Male,Coimbatore,Books,NetBanking,Delivered,2024-04-17,5,2372,11860,3
CUST0095,Vimala,Female,Salem,Clothing,Card,Delivered,2024-10-12,2,1152,2304,7
CUST0253,Gayathri,Female,Trichy,Clothing,UPI,Returned,2024-02-18,4,647,2588,6
CUST0242,Aishwarya,Male,Coimbatore,Books,NetBanking,Delivered,2024-05-19,1,3323,3323,4
CUST0035,Meena,Male,Tirunelveli,Clothing,NetBanking,Returned,2024-08-05,3,4099,12297,6
CUST0215,Bhavani,Male,Chennai,Beauty,UPI,Delivered,2024-02-13,7,2655,18585,6
CUST0090,Dinesh,Female,Salem,Furniture,Cash,Delivered,2024-09-25,3,2238,6714,5
CUST0264,Surya,Male,Madurai,Beauty,UPI,Delivered,2024-03-18,4,4875,19500,6
CUST0093,Surya,Female,Trichy,Groceries,NetBanking,Delivered,2024-08-03,2,638,1276,2
CUST0090,Ilango,Female,Coimbatore,Electronics,Cash,Delivered,2024-04-07,3,4522,13566,5
CUST0115,Raghu,Male,Chennai,Groceries,Card,Returned,2024-08-23,9,1457,13113,2
CUST0105,Vishnu,Male,Madurai,Electronics,Card,Delivered,2024-10-08,3,4896,14688,2
CUST0196,Meena,Male,Coimbatore,Furniture,Card,Returned,2024-05-28,5,4772,23860,3
CUST0114,Venkatesh,Male,Coimbatore,Clothing,NetBanking,Returned,2024-10-30,2,3440,6880,2
CUST0075,Jeeva,Male,Madurai,Beauty,UPI,Delivered,2024-03-06,4,3490,13960,5
CUST0217,Surya,Male,Chennai,Books,Cash,Returned,2024-08-21,7,1679,11753,6
CUST0277,Uma,Female,Tirunelveli,Beauty,Card,Pending,2024-03-27,7,1044,7308,6
CUST0249,Thamarai,Female,Chennai,Furniture,Cash,Cancelled,2024-03-19,3,4848,14544,4
CUST0164,Vishnu,Female,Salem,Groceries,NetBanking,Cancelled,2024-07-23,5,2109,10545,3
CUST0192,Kala,Male,Trichy,Books,Card,Pending,2024-10-05,1,4622,4622,7
CUST0227,Manoj,Female,Madurai,Clothing,NetBanking,Delivered,2024-12-02,1,3036,3036,5
CUST0177,Ganesh,Female,Tirunelveli,Furniture,UPI,Delivered,2024-09-10,5,450,2250,6
CUST0099,Meena,Female,Madurai,Books,NetBanking,Returned,2024-10-30,9,2905,26145,9
CUST0036,Sindhu,Female,Madurai,Furniture,NetBanking,Delivered,2024-05-09,1,2274,2274,4
CUST0096,Vimala,Female,Chennai,Furniture,UPI,Delivered,2024-03-24,1,3462,3462,5
CUST0152,Dinesh,Male,Trichy,Clothing,Cash,Delivered,2024-10-02,4,106,424,7
CUST0151,Anitha,Male,Salem,Electronics,UPI,Cancelled,2024-07-05,4,1925,7700,5
CUST0190,Pavithra,Female,Coimbatore,Books,UPI,Delivered,2024-02-15,2,4593,9186,6
CUST0224,Thamarai,Female,Coimbatore,Clothing,NetBanking,Pending,2024-07-01,9,4348,39132,5
CUST0037,Swathi,Female,Madurai,Furniture,Cash,Delivered,2024-09-24,9,3818,34362,3
CUST0268,Rajesh,Male,Trichy,Clothing,Card,Delivered,2024-10-22,2,4883,9766,5
CUST0183,Sandhya,Male,Tirunelveli,Electronics,UPI,Delivered,2024-11-17,9,4347,39123,2
CUST0013,Ranjani,Female,Chennai,Beauty,Cash,Delivered,2024-04-09,6,1403,8418,5
CUST0279,Raja,Male,Trichy,Books,UPI,Delivered,2024-03-18,8,2460,19680,2
CUST0217,Manoj,Male,Trichy,Electronics,UPI,Pending,2024-09-28,4,4361,17444,6
CUST0286,Sangeetha,Female,Chennai,Groceries,UPI,Returned,2024-12-04,2,2652,5304,7
CUST0273,Hari,Male,Madurai,Books,UPI,Delivered,2024-06-10,2,2984,5968,5
CUST0062,Sangeetha,Male,Trichy,Electronics,NetBanking,Delivered,2024-02-13,9,72,648,5
CUST0084,Kavitha,Female,Coimbatore,Furniture,Cash,Returned,2024-08-25,1,2252,2252,3
CUST0217,Sekar,Male,Chennai,Books,Cash,Pending,2024-05-13,7,1259,8813,6
CUST0187,Aishwarya,Male,Tirunelveli,Books,Cash,Delivered,2024-07-10,3,2346,7038,5
CUST0019,Monisha,Female,Salem,Clothing,UPI,Delivered,2024-12-21,3,798,2394,2
CUST0177,Aravind,Male,Madurai,Furniture,NetBanking,Delivered,2024-10-04,2,854,1708,6
CUST0100,Sangeetha,Male,Chennai,Groceries,UPI,Returned,2024-01-18,6,183,1098,4
CUST0233,Aishwarya,Female,Salem,Beauty,UPI,Delivered,2024-01-12,2,4466,8932,8
CUST0076,Prakash,Female,Salem,Electronics,Cash,Delivered,2024-06-28,4,2487,9948,4
CUST0265,Preethi,Female,Tirunelveli,Clothing,UPI,Delivered,2024-05-02,9,483,4347,3
CUST0284,Kumar,Male,Trichy,Electronics,Card,Returned,2024-09-02,9,3721,33489,4
CUST0206,Meena,Female,Tirunelveli,Groceries,UPI,Delivered,2024-08-09,6,3786,22716,2
CUST0223,Sriram,Male,Trichy,Groceries,Card,Delivered,2024-02-20,4,4089,16356,5
CUST0052,Ganesh,Female,Trichy,Books,UPI,Delivered,2024-03-11,7,2148,15036,3
CUST0144,Prakash,Male,Chennai,Groceries,NetBanking,Delivered,2024-02-17,1,2967,2967,8
CUST0069,Deepa,Female,Chennai,Electronics,NetBanking,Delivered,2024-01-19,4,302,1208,6
CUST0099,Murugan,Female,Madurai,Furniture,Cash,Returned,2024-09-18,5,4884,24420,9
CUST0025,Preethi,Female,Trichy,Furniture,UPI,Returned,2024-03-24,8,1179,9432,5
CUST0053,Ganesh,Female,Salem,Books,Card,Returned,2024-06-03,2,3314,6628,7
CUST0151,Sivakumar,Male,Coimbatore,Beauty,Card,Returned,2024-02-22,5,351,1755,5
CUST0144,Naveen,Female,Madurai,Electronics,UPI,Delivered,2024-04-16,6,2027,12162,8
CUST0057,Aravind,Female,Chennai,Electronics,Card,Returned,2024-12-22,5,2813,14065,1
CUST0039,Meena,Male,Tirunelveli,Groceries,NetBanking,Delivered,2024-10-30,9,4055,36495,8
CUST0109,Ilango,Female,Madurai,Electronics,Card,Delivered,2024-05-14,1,3291,3291,2
CUST0181,Naveen,Male,Madurai,Clothing,Cash,Pending,2024-03-09,3,3107,9321,2
CUST0042,Padma,Female,Madurai,Beauty,NetBanking,Delivered,2024-01-11,2,600,1200,5
CUST0186,Vijay,Female,Madurai,Groceries,NetBanking,Delivered,2024-05-22,3,1637,4911,3
CUST0223,Nandakumar,Female,Coimbatore,Clothing,NetBanking,Delivered,2024-07-10,9,1872,16848,5
CUST0122,Shalini,Male,Tirunelveli,Books,UPI,Delivered,2024-03-09,9,3267,29403,6
CUST0133,Nila,Female,Tirunelveli,Furniture,UPI,Delivered,2024-01-23,2,3546,7092,6
CUST0163,Mahalakshmi,Female,Tirunelveli,Books,NetBanking,Returned,2024-06-29,3,4459,13377,4
CUST0215,Saranya,Female,Trichy,Furniture,UPI,Pending,2024-10-19,4,4329,17316,6
CUST0221,Saran,Male,Salem,Books,Card,Delivered,2024-01-09,9,762,6858,1
CUST0235,Meena,Male,Tirunelveli,Electronics,UPI,Delivered,2024-09-27,3,2225,6675,2
CUST0146,Sathish,Female,Madurai,Clothing,UPI,Delivered,2024-04-02,7,4122,28854,3
CUST0239,Mahalakshmi,Male,Madurai,Furniture,NetBanking,Returned,2024-01-17,3,3899,11697,5
CUST0076,Gokul,Female,Tirunelveli,Groceries,Cash,Delivered,2024-06-02,7,2483,17381,4
CUST0009,Prakash,Female,Tirunelveli,Clothing,Cash,Delivered,2024-11-23,7,3351,23457,3
CUST0074,Saranya,Female,Madurai,Groceries,Cash,Delivered,2024-05-28,9,320,2880,1
CUST0253,Kishore,Female,Trichy,Clothing,Card,Delivered,2024-09-23,2,1844,3688,6
CUST0230,Mahesh,Female,Chennai,Clothing,UPI,Delivered,2024-11-23,6,4956,29736,2
CUST0007,Gokul,Female,Chennai,Books,Cash,Returned,2024-04-15,9,2512,22608,2
CUST0174,Harini,Female,Tirunelveli,Furniture,NetBanking,Delivered,2024-02-04,2,4343,8686,2
CUST0141,Ranjani,Male,Coimbatore,Furniture,Cash,Delivered,2024-04-28,2,3444,6888,4
CUST0168,Mahesh,Male,Tirunelveli,Clothing,Cash,Delivered,2024-01-14,5,1129,5645,3
CUST0170,Lakshmi,Male,Tirunelveli,Electronics,UPI,Cancelled,2024-01-14,8,2928,23424,6
CUST0283,Suresh,Male,Chennai,Electronics,UPI,Delivered,2024-09-22,9,4773,42957,6
CUST0122,Dinesh,Male,Madurai,Groceries,UPI,Delivered,2024-05-19,2,653,1306,6
CUST0194,Raja,Male,Tirunelveli,Groceries,Card,Delivered,2024-10-20,5,1635,8175,3
CUST0005,Revathi,Male,Madurai,Books,Card,Delivered,2024-12-29,7,3107,21749,7
CUST0029,Padma,Female,Madurai,Clothing,Cash,Returned,2024-04-28,6,4035,24210,3
CUST0165,Vijay,Female,Coimbatore,Groceries,UPI,Delivered,2024-08-25,6,4739,28434,4
CUST0136,Thamarai,Female,Madurai,Groceries,Cash,Pending,2024-02-03,7,1445,10115,4
CUST0145,Ranjani,Female,Chennai,Beauty,NetBanking,Delivered,2024-06-17,3,3738,11214,6
CUST0217,Murugan,Male,Trichy,Clothing,NetBanking,Cancelled,2024-01-10,3,649,1947,6
CUST0132,Rajesh,Male,Trichy,Books,UPI,Delivered,2024-05-01,9,563,5067,2
CUST0292,Sindhu,Female,Salem,Groceries,UPI,Cancelled,2024-05-24,8,1116,8928,3
CUST0070,Ganesh,Female,Tirunelveli,Books,NetBanking,Delivered,2024-08-10,5,2936,14680,2
CUST0252,Uma,Male,Chennai,Furniture,UPI,Delivered,2024-09-13,6,2703,16218,7
CUST0275,Harini,Female,Madurai,Books,Card,Cancelled,2024-09-24,1,4955,4955,3
CUST0182,Vijay,Female,Trichy,Electronics,Card,Delivered,2024-12-24,1,1138,1138,3
CUST0167,Bhavani,Female,Chennai,Electronics,UPI,Delivered,2024-01-04,4,4435,17740,2
CUST0091,Senthil,Female,Trichy,Books,NetBanking,Delivered,2024-12-19,2,4914,9828,1
CUST0202,Vasanthi,Male,Madurai,Electronics,Cash,Delivered,2024-04-15,7,2564,17948,5
CUST0019,Suresh,Female,Trichy,Furniture,UPI,Delivered,2024-03-25,2,4019,8038,2
CUST0039,Manoj,Female,Tirunelveli,Clothing,UPI,Delivered,2024-08-01,2,3334,6668,8
CUST0126,Kumar,Male,Tirunelveli,Electronics,Cash,Delivered,2024-04-30,5,4616,23080,6
CUST0173,Janani,Male,Salem,Electronics,UPI,Cancelled,2024-05-11,4,2246,8984,7
CUST0141,Anitha,Female,Salem,Books,Cash,Delivered,2024-12-03,8,4233,33864,4
CUST0242,Jeeva,Male,Trichy,Furniture,NetBanking,Returned,2024-07-15,4,839,3356,4
CUST0220,Murugan,Female,Chennai,Clothing,Card,Pending,2024-01-19,6,3525,21150,7
CUST0126,Nandakumar,Female,Tirunelveli,Books,NetBanking,Delivered,2024-05-09,5,3203,16015,6
CUST0058,Santhosh,Male,Chennai,Books,Card,Delivered,2024-01-12,2,1714,3428,6
CUST0148,Priya,Female,Chennai,Beauty,Cash,Delivered,2024-03-21,8,1359,10872,5
CUST0001,Sangeetha,Female,Trichy,Furniture,Card,Delivered,2024-11-25,2,914,1828,8
CUST0190,Hema,Female,Chennai,Clothing,NetBanking,Pending,2024-12-19,9,3913,35217,6
CUST0191,Balaji,Female,Tirunelveli,Furniture,Card,Delivered,2024-09-18,9,3413,30717,3
CUST0117,Naveen,Male,Madurai,Clothing,Cash,Delivered,2024-05-04,3,3574,10722,3
CUST0134,Ilango,Male,Salem,Furniture,Card,Delivered,2024-11-02,4,3836,15344,5
CUST0058,Poornima,Female,Madurai,Books,UPI,Delivered,2024-09-23,8,73,584,6
CUST0044,Mahesh,Male,Chennai,Books,NetBanking,Delivered,2024-05-19,9,3053,27477,4
CUST0173,Thamarai,Female,Madurai,Groceries,UPI,Delivered,2024-11-24,3,360,1080,7
CUST0160,Naveen,Female,Tirunelveli,Electronics,Cash,Pending,2024-01-02,5,1281,6405,7
CUST0173,Mahesh,Female,Tirunelveli,Beauty,Card,Delivered,2024-01-08,8,3838,30704,7
CUST0149,Venkatesh,Female,Chennai,Furniture,UPI,Delivered,2024-09-06,3,2761,8283,2
CUST0080,Santhosh,Female,Trichy,Beauty,UPI,Returned,2024-05-18,7,4851,33957,1
CUST0213,Ganesh,Male,Madurai,Groceries,Card,Delivered,2024-05-03,8,471,3768,3
CUST0203,Ranjani,Female,Trichy,Electronics,Card,Pending,2024-11-04,3,1823,5469,3
CUST0252,Keerthi,Male,Trichy,Furniture,NetBanking,Pending,2024-08-15,2,3618,7236,7
CUST0229,Sowmya,Male,Coimbatore,Clothing,UPI,Cancelled,2024-01-10,7,996,6972,6
CUST0164,Ilango,Female,Chennai,Electronics,UPI,Cancelled,2024-07-30,9,1236,11124,3
CUST0227,Mahesh,Female,Salem,Books,Cash,Delivered,2024-04-21,1,1884,1884,5
CUST0147,Arun,Female,Tirunelveli,Groceries,NetBanking,Pending,2024-01-08,3,1614,4842,6
CUST0020,Karthik,Female,Tirunelveli,Electronics,Cash,Delivered,2024-10-18,5,4994,24970,3
CUST0047,Ashok,Female,Chennai,Electronics,UPI,Cancelled,2024-12-27,3,1997,5991,6
CUST0233,Preethi,Male,Salem,Books,Cash,Pending,2024-09-09,1,1358,1358,8
CUST0014,Bharath,Female,Tirunelveli,Furniture,UPI,Pending,2024-01-14,7,3036,21252,5
CUST0143,Sathish,Female,Chennai,Clothing,UPI,Returned,2024-08-27,7,436,3052,4
CUST0001,Nandhini,Male,Tirunelveli,Books,Cash,Delivered,2024-08-29,8,1211,9688,8
CUST0054,Surya,Male,Trichy,Clothing,Cash,Pending,2024-12-07,5,3308,16540,7
CUST0259,Janani,Female,Madurai,Furniture,Card,Delivered,2024-05-28,5,4861,24305,6
CUST0144,Divya,Male,Madurai,Electronics,Card,Pending,2024-08-23,5,3983,19915,8
CUST0012,Ranjani,Female,Tirunelveli,Clothing,Card,Delivered,2024-11-01,1,2897,2897,3
CUST0224,Kala,Male,Coimbatore,Groceries,UPI,Delivered,2024-06-15,5,4571,22855,5
CUST0272,Santhosh,Male,Salem,Groceries,Cash,Delivered,2024-01-20,6,1489,8934,2
CUST0156,Gayathri,Female,Salem,Books,NetBanking,Delivered,2024-08-03,1,3492,3492,2
CUST0008,Santhosh,Male,Salem,Furniture,UPI,Cancelled,2024-12-08,7,4530,31710,3
CUST0122,Ilango,Male,Trichy,Books,NetBanking,Delivered,2024-05-14,1,105,105,6
CUST0164,Madhan,Male,Salem,Books,Cash,Delivered,2024-05-08,2,3374,6748,3
CUST0090,Hari,Male,Madurai,Beauty,UPI,Delivered,2024-10-20,2,155,310,5
CUST0136,Rithika,Male,Trichy,Books,NetBanking,Returned,2024-09-02,5,3251,16255,4
CUST0186,Raja,Male,Chennai,Beauty,NetBanking,Delivered,2024-07-07,7,719,5033,3
CUST0178,Sangeetha,Female,Salem,Groceries,Card,Delivered,2024-02-13,1,4521,4521,3
CUST0028,Naveen,Female,Salem,Groceries,Card,Delivered,2024-03-26,1,792,792,5
CUST0220,Keerthi,Male,Chennai,Books,Card,Delivered,2024-02-13,1,1016,1016,7
CUST0041,Kishore,Female,Salem,Groceries,UPI,Delivered,2024-11-25,6,357,2142,3
CUST0228,Revathi,Female,Chennai,Furniture,Cash,Delivered,2024-05-24,2,2188,4376,3
CUST0192,Madhan,Female,Trichy,Beauty,Cash,Delivered,2024-02-20,1,3514,3514,7
CUST0145,Aravind,Male,Madurai,Beauty,Card,Pending,2024-08-29,6,4947,29682,6
CUST0201,Lakshmi,Female,Chennai,Books,Card,Returned,2024-10-20,2,159,318,3
CUST0212,Ajith,Male,Coimbatore,Groceries,Card,Delivered,2024-02-20,6,3682,22092,3
CUST0220,Balaji,Female,Chennai,Clothing,NetBanking,Pending,2024-09-22,8,4485,35880,7
CUST0240,Arun,Male,Salem,Beauty,Card,Delivered,2024-04-29,2,1965,3930,3
CUST0046,Poornima,Male,Trichy,Books,NetBanking,Delivered,2024-07-18,9,4313,38817,3
CUST0035,Karthik,Female,Tirunelveli,Books,Cash,Delivered,2024-09-04,8,606,4848,6
CUST0253,Saranya,Female,Trichy,Furniture,UPI,Delivered,2024-03-10,1,154,154,6
CUST0082,Kishore,Male,Tirunelveli,Electronics,UPI,Delivered,2024-12-06,7,2097,14679,1
CUST0256,Raja,Female,Chennai,Electronics,UPI,Delivered,2024-02-26,6,195,1170,2
CUST0197,Meena,Female,Madurai,Beauty,UPI,Delivered,2024-02-08,6,2813,16878,2
CUST0010,Thamarai,Female,Coimbatore,Furniture,NetBanking,Cancelled,2024-10-15,6,923,5538,4
CUST0286,Saranya,Male,Trichy,Furniture,NetBanking,Delivered,2024-01-18,6,348,2088,7
CUST0242,Sowmya,Male,Salem,Furniture,Card,Delivered,2024-08-07,7,3288,23016,4
CUST0251,Padma,Female,Tirunelveli,Beauty,NetBanking,Delivered,2024-11-08,3,695,2085,3
CUST0005,Aishwarya,Female,Salem,Electronics,Card,Delivered,2024-08-31,6,4783,28698,7
CUST0119,Shalini,Female,Madurai,Furniture,Card,Delivered,2024-12-17,3,3128,9384,2
CUST0289,Anitha,Male,Tirunelveli,Groceries,UPI,Delivered,2024-10-30,7,2561,17927,7
CUST0065,Sangeetha,Male,Trichy,Books,NetBanking,Returned,2024-10-24,7,833,5831,3
CUST0146,Anitha,Female,Chennai,Books,NetBanking,Delivered,2024-10-09,8,420,3360,3
CUST0224,Ranjani,Female,Salem,Clothing,Card,Delivered,2024-03-14,2,536,1072,5
CUST0239,Hemalatha,Female,Madurai,Clothing,Card,Delivered,2024-04-19,9,2087,18783,5
CUST0177,Bhavani,Female,Trichy,Beauty,Cash,Delivered,2024-06-28,5,3246,16230,6
CUST0267,Shalini,Female,Trichy,Beauty,Cash,Delivered,2024-02-01,9,1410,12690,4
CUST0282,Rohit,Female,Trichy,Books,Card,Delivered,2024-08-21,5,4337,21685,4
CUST0063,Monisha,Male,Trichy,Groceries,Cash,Delivered,2024-10-08,7,4875,34125,8
CUST0217,Senthil,Female,Tirunelveli,Electronics,Cash,Delivered,2024-01-25,9,2311,20799,6
CUST0283,Bharath,Male,Trichy,Electronics,Card,Delivered,2024-11-26,4,2671,10684,6
CUST0177,Murugan,Female,Salem,Beauty,Card,Delivered,2024-10-05,2,1006,2012,6
CUST0098,Sekar,Female,Madurai,Groceries,NetBanking,Delivered,2024-08-13,9,430,3870,3
CUST0105,Surya,Male,Tirunelveli,Beauty,Card,Delivered,2024-02-26,2,3699,7398,2
CUST0099,Ashok,Male,Trichy,Electronics,Card,Delivered,2024-06-28,3,4943,14829,9
CUST0006,Manoj,Male,Coimbatore,Beauty,UPI,Delivered,2024-08-19,2,288,576,4
CUST0197,Ganesh,Male,Coimbatore,Furniture,NetBanking,Delivered,2024-12-08,3,1155,3465,2
CUST0133,Sindhu,Female,Madurai,Beauty,NetBanking,Delivered,2024-10-13,6,1436,8616,6
CUST0259,Dinesh,Male,Chennai,Books,NetBanking,Delivered,2024-03-04,3,2602,7806,6
CUST0023,Divya,Female,Chennai,Beauty,UPI,Delivered,2024-08-19,8,2299,18392,4
CUST0053,Saran,Male,Tirunelveli,Books,Card,Returned,2024-10-15,6,1577,9462,7
CUST0165,Madhan,Female,Tirunelveli,Groceries,NetBanking,Delivered,2024-07-31,7,1717,12019,4
CUST0202,Sathish,Female,Tirunelveli,Electronics,NetBanking,Returned,2024-09-14,1,4182,4182,5
CUST0083,Vasanthi,Female,Chennai,Clothing,Cash,Delivered,2024-01-18,3,2741,8223,2
CUST0145,Kavitha,Female,Coimbatore,Clothing,NetBanking,Delivered,2024-06-23,3,3722,11166,6
CUST0085,Nandhini,Female,Chennai,Electronics,Card,Delivered,2024-08-16,2,2046,4092,1
CUST0078,Deepa,Female,Salem,Clothing,Card,Delivered,2024-08-13,7,1475,10325,4
CUST0001,Suresh,Male,Trichy,Beauty,Cash,Delivered,2024-03-24,9,2862,25758,8
CUST0051,Surya,Female,Tirunelveli,Groceries,NetBanking,Delivered,2024-10-17,4,3297,13188,7
CUST0173,Jeeva,Male,Coimbatore,Groceries,NetBanking,Delivered,2024-09-02,5,2642,13210,7
CUST0205,Revathi,Male,Madurai,Electronics,NetBanking,Delivered,2024-04-19,3,1540,4620,2
CUST0260,Aravind,Female,Madurai,Clothing,UPI,Cancelled,2024-09-10,9,1274,11466,2
CUST0288,Ramesh,Male,Trichy,Beauty,NetBanking,Pending,2024-03-28,4,2637,10548,4
CUST0034,Pavithra,Female,Coimbatore,Groceries,Card,Delivered,2024-03-12,5,3114,15570,4
CUST0095,Bharath,Male,Chennai,Groceries,Card,Delivered,2024-01-30,1,882,882,7
CUST0072,Sivakumar,Female,Chennai,Furniture,UPI,Delivered,2024-06-20,2,4742,9484,2
CUST0039,Senthil,Male,Salem,Furniture,UPI,Delivered,2024-11-04,9,2490,22410,8
CUST0154,Aravind,Female,Salem,Groceries,NetBanking,Delivered,2024-12-08,2,4845,9690,5
CUST0250,Ashok,Female,Chennai,Electronics,Cash,Pending,2024-06-25,5,1696,8480,3
CUST0162,Surya,Female,Madurai,Books,UPI,Delivered,2024-05-18,8,490,3920,2
CUST0118,Arun,Female,Tirunelveli,Books,UPI,Delivered,2024-07-12,3,1579,4737,6
CUST0259,Hari,Male,Madurai,Beauty,NetBanking,Delivered,2024-07-04,6,3015,18090,6
CUST0268,Sriram,Female,Salem,Groceries,NetBanking,Returned,2024-08-05,4,2417,9668,5
CUST0054,Divya,Male,Trichy,Groceries,UPI,Delivered,2024-06-12,7,3336,23352,7
CUST0236,Saran,Male,Chennai,Groceries,Cash,Delivered,2024-06-09,3,4713,14139,4
CUST0222,Suresh,Male,Salem,Electronics,UPI,Pending,2024-01-13,6,4381,26286,3
CUST0251,Karthik,Female,Salem,Furniture,NetBanking,Delivered,2024-10-22,9,1354,12186,3
CUST0112,Gokul,Male,Tirunelveli,Groceries,NetBanking,Returned,2024-03-29,1,3084,3084,4
CUST0255,Prakash,Male,Chennai,Groceries,UPI,Delivered,2024-11-19,3,3738,11214,3
CUST0207,Gokul,Male,Tirunelveli,Clothing,Cash,Cancelled,2024-02-11,2,4023,8046,3
CUST0229,Kumar,Female,Chennai,Electronics,UPI,Delivered,2024-07-28,8,1235,9880,6
CUST0066,Thamarai,Female,Tirunelveli,Beauty,UPI,Delivered,2024-08-16,7,3312,23184,2
CUST0075,Thamarai,Male,Madurai,Groceries,NetBanking,Returned,2024-12-15,2,2157,4314,5
CUST0103,Murugan,Female,Trichy,Clothing,Cash,Delivered,2024-10-01,6,1890,11340,4
CUST0192,Nila,Female,Trichy,Books,Card,Delivered,2024-10-05,3,4370,13110,7
CUST0252,Sekar,Male,Chennai,Beauty,Cash,Delivered,2024-09-07,8,2797,22376,7
CUST0226,Arun,Male,Coimbatore,Groceries,UPI,Delivered,2024-11-05,3,4727,14181,3
CUST0294,Raghu,Female,Salem,Groceries,UPI,Delivered,2024-07-26,9,4314,38826,6
CUST0098,Santhosh,Male,Salem,Clothing,UPI,Delivered,2024-11-16,1,3183,3183,3
CUST0286,Ashok,Female,Chennai,Electronics,Cash,Delivered,2024-05-19,5,3470,17350,7
CUST0249,Priya,Female,Tirunelveli,Groceries,NetBanking,Delivered,2024-10-06,3,1515,4545,4
CUST0166,Preethi,Female,Coimbatore,Books,UPI,Delivered,2024-02-03,6,4159,24954,1
CUST0030,Jeeva,Female,Madurai,Groceries,UPI,Delivered,2024-11-04,2,2261,4522,1
CUST0247,Gayathri,Female,Tirunelveli,Books,Cash,Cancelled,2024-01-18,9,2854,25686,6
CUST0106,Swathi,Female,Tirunelveli,Beauty,Card,Pending,2024-02-26,6,1593,9558,4
CUST0051,Sowmya,Male,Chennai,Beauty,Card,Returned,2024-04-21,7,1739,12173,7
CUST0081,Mahesh,Male,Chennai,Furniture,NetBanking,Delivered,2024-01-05,5,1621,8105,4
CUST0133,Pavithra,Female,Salem,Furniture,NetBanking,Delivered,2024-06-30,9,4591,41319,6
CUST0285,Swathi,Female,Chennai,Books,UPI,Delivered,2024-01-13,1,3329,3329,5
CUST0138,Poornima,Female,Chennai,Electronics,Cash,Delivered,2024-12-04,5,3591,17955,2
CUST0184,Karthik,Male,Chennai,Groceries,UPI,Delivered,2024-10-11,6,4861,29166,4
CUST0273,Bhavani,Female,Salem,Groceries,NetBanking,Delivered,2024-09-15,7,3073,21511,5
CUST0069,Meena,Male,Madurai,Furniture,Cash,Delivered,2024-03-30,4,868,3472,6
CUST0034,Jeeva,Female,Madurai,Books,Cash,Pending,2024-04-13,1,4571,4571,4
CUST0262,Poornima,Female,Chennai,Groceries,NetBanking,Delivered,2024-07-04,8,1174,9392,2
CUST0053,Suresh,Male,Salem,Groceries,Card,Delivered,2024-09-06,4,4995,19980,7
CUST0205,Kishore,Male,Madurai,Electronics,Card,Delivered,2024-09-11,3,1179,3537,2
CUST0126,Murugan,Female,Tirunelveli,Clothing,Cash,Delivered,2024-03-16,7,1752,12264,6
CUST0235,Madhan,Female,Madurai,Furniture,UPI,Returned,2024-04-17,2,2051,4102,2
CUST0043,Prakash,Female,Madurai,Furniture,Card,Delivered,2024-06-04,8,3928,31424,2
CUST0240,Chandru,Male,Salem,Clothing,UPI,Delivered,2024-03-22,6,4422,26532,3
CUST0111,Lakshmi,Male,Tirunelveli,Groceries,Card,Delivered,2024-03-17,7,1856,12992,7
CUST0249,Vasanthi,Male,Salem,Electronics,Card,Delivered,2024-09-14,5,2997,14985,4
CUST0151,Raja,Male,Chennai,Electronics,UPI,Delivered,2024-05-06,9,3259,29331,5
CUST0183,Raghu,Male,Trichy,Furniture,NetBanking,Returned,2024-10-08,5,2202,11010,2
CUST0095,Janani,Male,Madurai,Electronics,Card,Returned,2024-03-28,5,4691,23455,7
CUST0008,Monisha,Female,Trichy,Beauty,Card,Cancelled,2024-07-22,3,4255,12765,3
CUST0184,Janani,Female,Salem,Clothing,UPI,Delivered,2024-01-16,1,594,594,4
CUST0281,Bhavani,Male,Salem,Groceries,NetBanking,Returned,2024-05-30,2,2451,4902,2
CUST0195,Deepa,Female,Salem,Beauty,Card,Delivered,2024-09-10,8,4888,39104,3
CUST0195,Chandru,Female,Trichy,Clothing,Card,Delivered,2024-07-06,1,2414,2414,3
CUST0155,Raghu,Male,Salem,Books,NetBanking,Delivered,2024-11-24,7,1339,9373,2
CUST0093,Bharath,Female,Chennai,Furniture,Card,Delivered,2024-02-01,5,3815,19075,2
CUST0160,Mahalakshmi,Male,Salem,Electronics,NetBanking,Delivered,2024-09-27,3,1925,5775,7
CUST0061,Janani,Male,Coimbatore,Books,NetBanking,Cancelled,2024-01-05,7,4478,31346,2
CUST0122,Chandru,Female,Trichy,Electronics,UPI,Delivered,2024-11-25,9,4737,42633,6
CUST0051,Deepa,Male,Coimbatore,Beauty,Cash,Delivered,2024-11-03,2,832,1664,7
CUST0277,Raghu,Male,Salem,Groceries,NetBanking,Delivered,2024-11-28,8,589,4712,6
CUST0005,Suresh,Male,Chennai,Groceries,UPI,Returned,2024-06-17,9,2832,25488,7
CUST0092,Manoj,Male,Madurai,Groceries,Cash,Pending,2024-06-29,3,2718,8154,5
CUST0170,Priya,Male,Tirunelveli,Electronics,Card,Returned,2024-06-26,2,4764,9528,6
CUST0022,Kavitha,Male,Tirunelveli,Books,Cash,Delivered,2024-05-22,7,3987,27909,3
CUST0001,Nandhini,Male,Salem,Groceries,NetBanking,Delivered,2024-12-27,5,3006,15030,8
CUST0133,Murugan,Male,Chennai,Books,NetBanking,Delivered,2024-09-04,5,3772,18860,6
CUST0233,Thamarai,Female,Trichy,Electronics,NetBanking,Delivered,2024-05-06,5,3917,19585,8
CUST0012,Murugan,Female,Coimbatore,Beauty,NetBanking,Delivered,2024-09-19,4,1883,7532,3
CUST0046,Saran,Female,Coimbatore,Books,NetBanking,Delivered,2024-02-09,5,2196,10980,3
CUST0034,Swathi,Male,Coimbatore,Beauty,UPI,Delivered,2024-12-20,4,2220,8880,4
CUST0078,Divya,Male,Trichy,Electronics,NetBanking,Pending,2024-09-11,6,3441,20646,4
CUST0218,Gokul,Female,Tirunelveli,Electronics,UPI,Delivered,2024-05-22,4,1666,6664,6
CUST0073,Vasanthi,Female,Chennai,Furniture,Card,Delivered,2024-08-27,2,4667,9334,1
CUST0282,Ashok,Female,Trichy,Electronics,NetBanking,Delivered,2024-08-15,9,966,8694,4
CUST0249,Vishnu,Male,Coimbatore,Electronics,NetBanking,Pending,2024-12-06,2,4862,9724,4
CUST0047,Raja,Female,Salem,Clothing,Cash,Cancelled,2024-07-16,9,2806,25254,6
CUST0121,Prakash,Female,Madurai,Groceries,Card,Returned,2024-03-05,6,1986,11916,2
CUST0214,Sriram,Male,Trichy,Furniture,NetBanking,Pending,2024-01-11,9,4092,36828,4
CUST0239,Rithika,Female,Trichy,Furniture,NetBanking,Delivered,2024-04-17,9,3141,28269,5
CUST0056,Raja,Male,Chennai,Furniture,Card,Delivered,2024-01-26,3,4705,14115,2
CUST0107,Saranya,Male,Chennai,Clothing,UPI,Delivered,2024-05-30,1,1018,1018,2
CUST0048,Anitha,Male,Trichy,Beauty,NetBanking,Delivered,2024-08-08,1,3414,3414,3
CUST0061,Priya,Female,Coimbatore,Electronics,Cash,Delivered,2024-12-06,3,3253,9759,2
CUST0026,Priya,Female,Madurai,Groceries,NetBanking,Delivered,2024-08-24,5,939,4695,3
CUST0292,Nandhini,Male,Chennai,Books,Cash,Pending,2024-08-24,3,842,2526,3
CUST0257,Sathish,Female,Coimbatore,Beauty,Cash,Pending,2024-08-06,9,3508,31572,5
CUST0008,Venkatesh,Female,Salem,Electronics,NetBanking,Cancelled,2024-05-30,9,1031,9279,3
CUST0113,Venkatesh,Female,Chennai,Clothing,NetBanking,Cancelled,2024-05-02,3,3581,10743,7
CUST0253,Senthil,Female,Coimbatore,Electronics,Cash,Delivered,2024-05-23,3,3579,10737,6
CUST0180,Gayathri,Male,Coimbatore,Electronics,Card,Delivered,2024-07-07,5,851,4255,6
CUST0207,Bhavani,Female,Madurai,Clothing,Card,Delivered,2024-09-11,2,92,184,3
CUST0127,Ilango,Male,Madurai,Furniture,NetBanking,Delivered,2024-03-08,6,3399,20394,4
CUST0056,Raghu,Male,Salem,Furniture,UPI,Cancelled,2024-04-13,7,1827,12789,2
CUST0214,Naveen,Female,Coimbatore,Groceries,Card,Delivered,2024-12-01,9,3251,29259,4
CUST0014,Hari,Male,Tirunelveli,Groceries,NetBanking,Pending,2024-06-07,6,399,2394,5
CUST0028,Suresh,Female,Coimbatore,Furniture,Card,Delivered,2024-11-04,3,1617,4851,5
CUST0078,Harini,Female,Madurai,Beauty,UPI,Delivered,2024-12-27,5,1179,5895,4
CUST0216,Ilango,Male,Tirunelveli,Books,NetBanking,Delivered,2024-10-26,4,3009,12036,3
CUST0154,Nithya,Male,Chennai,Electronics,UPI,Delivered,2024-03-30,5,3837,19185,5
CUST0014,Hari,Male,Chennai,Books,NetBanking,Delivered,2024-12-22,8,1830,14640,5
CUST0187,Hema,Male,Trichy,Electronics,UPI,Delivered,2024-09-12,8,633,5064,5
CUST0007,Arun,Female,Madurai,Furniture,Card,Cancelled,2024-12-18,6,4577,27462,2
CUST0003,Suresh,Female,Trichy,Groceries,Card,Delivered,2024-08-07,1,3427,3427,1
CUST0111,Meena,Female,Tirunelveli,Beauty,UPI,Delivered,2024-01-09,8,3451,27608,7
CUST0238,Sindhu,Male,Madurai,Groceries,UPI,Delivered,2024-01-12,8,3235,25880,3
CUST0239,Swathi,Male,Salem,Books,UPI,Delivered,2024-11-20,2,2244,4488,5
CUST0274,Aravind,Male,Coimbatore,Groceries,NetBanking,Pending,2024-08-31,4,1212,4848,2
CUST0294,Nila,Female,Salem,Furniture,Card,Delivered,2024-06-30,2,348,696,6
CUST0227,Santhosh,Male,Tirunelveli,Beauty,NetBanking,Pending,2024-10-10,4,3397,13588,5
CUST0015,Senthil,Female,Madurai,Books,Card,Delivered,2024-11-07,7,1989,13923,5
CUST0192,Sekar,Male,Tirunelveli,Beauty,Cash,Pending,2024-04-08,9,838,7542,7
CUST0119,Pavithra,Female,Coimbatore,Electronics,NetBanking,Delivered,2024-07-15,8,4995,39960,2
CUST0028,Madhan,Female,Chennai,Groceries,Card,Delivered,2024-08-13,9,2939,26451,5
CUST0202,Nandhini,Male,Chennai,Beauty,Card,Delivered,2024-11-28,8,1427,11416,5
CUST0039,Bharath,Male,Tirunelveli,Clothing,NetBanking,Delivered,2024-04-12,2,1999,3998,8
CUST0273,Sneha,Female,Trichy,Groceries,NetBanking,Delivered,2024-04-15,7,3322,23254,5
CUST0231,Ilango,Female,Madurai,Electronics,Card,Delivered,2024-12-30,2,927,1854,6
CUST0086,Pavithra,Male,Madurai,Beauty,NetBanking,Delivered,2024-02-27,2,3792,7584,4
CUST0126,Sangeetha,Male,Chennai,Books,UPI,Delivered,2024-03-18,4,1627,6508,6
CUST0025,Arun,Female,Salem,Electronics,NetBanking,Delivered,2024-03-15,1,3189,3189,5
CUST0145,Anitha,Male,Coimbatore,Clothing,NetBanking,Cancelled,2024-02-11,5,2542,12710,6
CUST0013,Mahalakshmi,Female,Salem,Beauty,NetBanking,Delivered,2024-11-19,6,2805,16830,5
CUST0212,Chandru,Female,Salem,Furniture,Card,Delivered,2024-06-29,9,1953,17577,3
CUST0025,Madhan,Male,Tirunelveli,Groceries,UPI,Delivered,2024-02-02,8,1432,11456,5
CUST0068,Nandhini,Male,Chennai,Books,Cash,Returned,2024-03-11,2,4290,8580,2
CUST0067,Lakshmi,Male,Chennai,Furniture,Cash,Delivered,2024-02-25,1,2372,2372,2
CUST0233,Shalini,Male,Chennai,Beauty,UPI,Delivered,2024-04-14,2,2606,5212,8
CUST0109,Nila,Male,Tirunelveli,Beauty,UPI,Pending,2024-07-18,7,1911,13377,2
CUST0146,Vimala,Female,Trichy,Electronics,UPI,Cancelled,2024-04-10,4,1916,7664,3
CUST0111,Pavithra,Female,Salem,Beauty,Card,Delivered,2024-09-12,5,4097,20485,7
CUST0228,Lakshmi,Male,Tirunelveli,Books,Cash,Delivered,2024-11-02,7,3225,22575,3
CUST0111,Sivakumar,Male,Madurai,Furniture,UPI,Cancelled,2024-03-14,3,1148,3444,7
CUST0034,Nandhini,Male,Coimbatore,Books,Card,Delivered,2024-06-19,2,1784,3568,4
CUST0111,Rajesh,Female,Trichy,Clothing,Cash,Delivered,2024-05-22,7,4713,32991,7
CUST0264,Karthik,Male,Madurai,Clothing,NetBanking,Delivered,2024-06-14,5,3466,17330,6
CUST0236,Prakash,Male,Salem,Groceries,Card,Returned,2024-09-17,1,4676,4676,4
CUST0083,Revathi,Female,Chennai,Groceries,Cash,Delivered,2024-08-08,1,730,730,2
CUST0042,Janani,Female,Salem,Clothing,Card,Cancelled,2024-03-23,9,2120,19080,5
CUST0101,Ajith,Male,Tirunelveli,Beauty,Cash,Delivered,2024-06-30,5,4874,24370,7
CUST0006,Monisha,Male,Coimbatore,Books,Cash,Delivered,2024-11-02,1,1779,1779,4
CUST0180,Shalini,Male,Tirunelveli,Clothing,NetBanking,Delivered,2024-01-10,7,2241,15687,6
CUST0282,Thamarai,Female,Trichy,Groceries,Card,Delivered,2024-01-04,9,717,6453,4
CUST0226,Mahesh,Male,Trichy,Clothing,UPI,Pending,2024-12-16,1,1662,1662,3
CUST0229,Kishore,Male,Coimbatore,Beauty,NetBanking,Returned,2024-12-01,4,730,2920,6
CUST0289,Murugan,Male,Madurai,Clothing,NetBanking,Delivered,2024-10-18,3,1022,3066,7
CUST0150,Kala,Female,Madurai,Books,Cash,Delivered,2024-10-07,5,2896,14480,4
CUST0277,Sathish,Female,Trichy,Furniture,UPI,Delivered,2024-08-02,7,2182,15274,6
CUST0198,Murugan,Male,Trichy,Beauty,Card,Delivered,2024-04-07,8,2513,20104,6
CUST0070,Ganesh,Male,Chennai,Groceries,UPI,Delivered,2024-04-10,2,2579,5158,2
CUST0112,Sathish,Female,Madurai,Books,UPI,Delivered,2024-01-09,7,2553,17871,4
CUST0004,Sandhya,Female,Coimbatore,Clothing,UPI,Delivered,2024-03-01,1,4972,4972,4
CUST0095,Kavitha,Female,Madurai,Clothing,UPI,Cancelled,2024-11-04,7,4442,31094,7
CUST0152,Venkatesh,Female,Chennai,Furniture,UPI,Pending,2024-05-25,8,3233,25864,7
CUST0137,Revathi,Female,Tirunelveli,Groceries,Cash,Delivered,2024-03-03,2,4083,8166,4
CUST0247,Swathi,Female,Trichy,Groceries,Cash,Cancelled,2024-04-30,9,3217,28953,6
CUST0243,Anitha,Female,Trichy,Electronics,NetBanking,Delivered,2024-08-13,1,3047,3047,3
CUST0031,Uma,Female,Chennai,Groceries,Cash,Delivered,2024-04-14,6,3277,19662,1
CUST0040,Harini,Female,Coimbatore,Furniture,NetBanking,Delivered,2024-09-16,1,2202,2202,1
CUST0229,Rohit,Male,Trichy,Electronics,NetBanking,Delivered,2024-12-14,3,1778,5334,6
CUST0036,Divya,Male,Salem,Electronics,Card,Delivered,2024-09-11,6,2074,12444,4
CUST0223,Mahalakshmi,Male,Trichy,Clothing,UPI,Delivered,2024-07-25,3,379,1137,5
CUST0006,Pavithra,Female,Salem,Clothing,Cash,Cancelled,2024-01-28,8,2536,20288,4
CUST0220,Monisha,Male,Chennai,Groceries,Card,Cancelled,2024-06-18,5,1205,6025,7
CUST0075,Sivakumar,Female,Chennai,Electronics,Cash,Delivered,2024-12-01,2,1940,3880,5
CUST0004,Nandhini,Female,Trichy,Clothing,NetBanking,Pending,2024-03-16,4,4527,18108,4
CUST0134,Sivakumar,Male,Madurai,Furniture,Cash,Delivered,2024-04-25,9,2235,20115,5
CUST0118,Hema,Female,Salem,Clothing,UPI,Delivered,2024-03-09,4,4988,19952,6
CUST0094,Surya,Male,Coimbatore,Beauty,NetBanking,Delivered,2024-12-19,8,2367,18936,3
CUST0062,Gokul,Male,Trichy,Beauty,NetBanking,Delivered,2024-08-21,5,3671,18355,5
CUST0194,Nithya,Male,Coimbatore,Clothing,Card,Delivered,2024-01-01,1,4541,4541,3
CUST0203,Hari,Female,Trichy,Electronics,UPI,Delivered,2024-06-15,7,2561,17927,3
CUST0026,Hema,Male,Madurai,Electronics,NetBanking,Delivered,2024-12-17,3,499,1497,3
CUST0173,Hema,Female,Madurai,Books,UPI,Returned,2024-08-05,8,1404,11232,7
CUST0133,Priya,Male,Madurai,Beauty,Cash,Delivered,2024-09-29,3,1343,4029,6
CUST0118,Raja,Male,Tirunelveli,Furniture,UPI,Delivered,2024-09-07,1,2515,2515,6
CUST0275,Preethi,Male,Madurai,Electronics,NetBanking,Delivered,2024-12-12,5,3152,15760,3
CUST0212,Preethi,Female,Chennai,Groceries,Card,Delivered,2024-12-09,2,1899,3798,3
CUST0225,Aishwarya,Female,Chennai,Beauty,NetBanking,Delivered,2024-06-22,4,3225,12900,5
CUST0020,Sriram,Female,Tirunelveli,Furniture,UPI,Cancelled,2024-06-18,1,4331,4331,3
CUST0113,Vijay,Male,Salem,Furniture,UPI,Delivered,2024-09-02,9,3249,29241,7
CUST0140,Karthik,Male,Coimbatore,Electronics,NetBanking,Delivered,2024-03-30,6,1283,7698,2
CUST0047,Balaji,Female,Trichy,Furniture,UPI,Delivered,2024-02-18,8,1487,11896,6
CUST0001,Uma,Female,Trichy,Electronics,Cash,Delivered,2024-10-20,4,3402,13608,8
CUST0090,Sangeetha,Female,Tirunelveli,Clothing,NetBanking,Delivered,2024-05-29,9,4080,36720,5
CUST0142,Aishwarya,Female,Chennai,Beauty,Card,Delivered,2024-05-11,2,302,604,2
CUST0038,Divya,Female,Trichy,Books,NetBanking,Pending,2024-02-28,9,68,612,5
CUST0293,Vasanthi,Female,Chennai,Clothing,Cash,Delivered,2024-11-19,5,2809,14045,3
CUST0139,Raja,Male,Salem,Beauty,Cash,Delivered,2024-07-17,6,272,1632,2
CUST0259,Priya,Female,Coimbatore,Electronics,Cash,Delivered,2024-08-02,3,52,156,6
CUST0161,Chandru,Male,Salem,Beauty,Cash,Delivered,2024-02-18,4,1309,5236,6
CUST0178,Divya,Male,Tirunelveli,Electronics,Cash,Delivered,2024-08-19,6,4999,29994,3
CUST0010,Raghu,Female,Madurai,Clothing,Card,Pending,2024-09-03,7,4373,30611,4
CUST0261,Preethi,Female,Madurai,Groceries,UPI,Delivered,2024-08-26,1,4644,4644,3
CUST0138,Kishore,Male,Madurai,Groceries,Cash,Delivered,2024-06-16,7,2618,18326,2
CUST0172,Vasanthi,Female,Salem,Beauty,Cash,Delivered,2024-02-17,1,1935,1935,5
CUST0013,Chandru,Female,Trichy,Groceries,NetBanking,Delivered,2024-02-20,5,1349,6745,5
CUST0168,Raja,Male,Coimbatore,Electronics,Card,Delivered,2024-10-25,6,2388,14328,3
CUST0130,Anitha,Male,Madurai,Furniture,Card,Delivered,2024-04-07,2,1126,2252,4
CUST0084,Pavithra,Male,Tirunelveli,Electronics,UPI,Delivered,2024-08-03,9,3808,34272,3
CUST0101,Raghu,Female,Tirunelveli,Furniture,Card,Delivered,2024-06-25,6,3231,19386,7
CUST0273,Santhosh,Male,Madurai,Clothing,NetBanking,Cancelled,2024-03-20,7,4860,34020,5
CUST0265,Kala,Female,Madurai,Books,NetBanking,Delivered,2024-07-03,8,997,7976,3
CUST0038,Suresh,Male,Coimbatore,Furniture,UPI,Delivered,2024-01-27,1,3788,3788,5
CUST0094,Hema,Male,Madurai,Groceries,NetBanking,Delivered,2024-07-13,8,2781,22248,3
CUST0095,Pavithra,Male,Coimbatore,Electronics,Cash,Delivered,2024-08-01,4,4057,16228,7
CUST0069,Sandhya,Female,Tirunelveli,Clothing,Cash,Delivered,2024-12-07,8,919,7352,6
CUST0236,Naveen,Female,Madurai,Groceries,NetBanking,Delivered,2024-04-23,6,143,858,4
CUST0137,Keerthi,Male,Salem,Clothing,UPI,Delivered,2024-08-29,9,3037,27333,4
CUST0076,Meena,Male,Salem,Books,Card,Delivered,2024-05-03,4,4705,18820,4
CUST0035,Madhan,Male,Tirunelveli,Electronics,UPI,Delivered,2024-10-31,2,1825,3650,6
CUST0001,Arun,Female,Coimbatore,Beauty,Card,Delivered,2024-03-16,2,2310,4620,8
CUST0296,Lakshmi,Male,Salem,Electronics,NetBanking,Returned,2024-11-06,5,485,2425,4
CUST0060,Monisha,Female,Coimbatore,Books,NetBanking,Delivered,2024-11-07,9,4997,44973,3
CUST0267,Janani,Male,Salem,Electronics,Cash,Delivered,2024-07-14,3,4350,13050,4
CUST0229,Kumar,Male,Salem,Beauty,Card,Delivered,2024-12-16,8,3194,25552,6
CUST0270,Ramesh,Male,Coimbatore,Furniture,UPI,Delivered,2024-02-13,4,3637,14548,2
CUST0286,Ashok,Male,Trichy,Clothing,NetBanking,Delivered,2024-07-04,6,126,756,7
CUST0291,Karthik,Male,Salem,Beauty,UPI,Delivered,2024-12-08,6,865,5190,2
CUST0213,Surya,Male,Madurai,Groceries,Cash,Cancelled,2024-09-02,3,817,2451,3
CUST0165,Divya,Female,Tirunelveli,Books,Card,Delivered,2024-03-24,5,3735,18675,4
CUST0005,Bhavani,Male,Trichy,Furniture,Card,Delivered,2024-07-25,3,155,465,7
CUST0078,Kavitha,Female,Coimbatore,Groceries,NetBanking,Delivered,2024-05-30,1,3966,3966,4
CUST0062,Suresh,Male,Trichy,Groceries,Card,Delivered,2024-06-04,7,2923,20461,5
CUST0132,Prakash,Male,Chennai,Books,NetBanking,Delivered,2024-01-16,4,3396,13584,2
CUST0089,Kavitha,Female,Chennai,Furniture,Cash,Returned,2024-06-13,7,3198,22386,4
CUST0237,Kala,Male,Salem,Groceries,Card,Delivered,2024-05-24,3,3198,9594,4
CUST0042,Vimala,Female,Salem,Groceries,NetBanking,Cancelled,2024-02-06,5,1515,7575,5
CUST0089,Ganesh,Female,Madurai,Furniture,UPI,Cancelled,2024-11-28,5,2637,13185,4
CUST0296,Uma,Male,Tirunelveli,Electronics,NetBanking,Cancelled,2024-02-14,2,294,588,4
CUST0295,Vimala,Female,Trichy,Groceries,Card,Delivered,2024-07-24,2,2675,5350,2
CUST0104,Jeeva,Female,Chennai,Clothing,Cash,Delivered,2024-03-02,4,3899,15596,7
CUST0014,Bharath,Male,Salem,Furniture,Card,Delivered,2024-12-21,4,1455,5820,5
CUST0288,Sekar,Female,Tirunelveli,Groceries,Card,Delivered,2024-11-03,4,1031,4124,4
CUST0179,Murugan,Male,Trichy,Books,NetBanking,Delivered,2024-01-19,6,3858,23148,5
CUST0125,Vijay,Male,Salem,Beauty,UPI,Returned,2024-12-30,2,191,382,2
CUST0023,Raja,Male,Salem,Clothing,Card,Delivered,2024-10-26,6,942,5652,4
CUST0063,Ajith,Male,Chennai,Beauty,UPI,Delivered,2024-01-07,7,2449,17143,8
CUST0143,Aishwarya,Female,Chennai,Beauty,NetBanking,Delivered,2024-09-05,3,4690,14070,4
CUST0153,Janani,Male,Salem,Groceries,UPI,Delivered,2024-04-26,8,3010,24080,3
CUST0145,Dinesh,Male,Coimbatore,Clothing,NetBanking,Delivered,2024-03-08,2,2249,4498,6
CUST0225,Aravind,Female,Salem,Clothing,Cash,Cancelled,2024-02-03,8,1519,12152,5
CUST0104,Saran,Male,Tirunelveli,Electronics,UPI,Delivered,2024-07-12,5,2750,13750,7
CUST0104,Preethi,Male,Salem,Beauty,UPI,Returned,2024-11-20,2,3055,6110,7
CUST0039,Hemalatha,Female,Madurai,Clothing,Cash,Returned,2024-02-24,7,4908,34356,8
CUST0198,Bhavani,Female,Madurai,Electronics,UPI,Returned,2024-09-22,2,3424,6848,6
CUST0134,Nila,Female,Madurai,Furniture,Cash,Delivered,2024-02-11,6,4769,28614,5
CUST0067,Raja,Female,Coimbatore,Electronics,Card,Cancelled,2024-10-23,3,705,2115,2
CUST0179,Vijay,Female,Coimbatore,Books,NetBanking,Delivered,2024-08-18,9,2818,25362,5
CUST0042,Swathi,Female,Salem,Groceries,Cash,Delivered,2024-01-10,3,92,276,5
CUST0015,Padma,Female,Madurai,Furniture,UPI,Delivered,2024-12-23,3,2361,7083,5
CUST0111,Dinesh,Male,Coimbatore,Furniture,Cash,Delivered,2024-05-07,5,1710,8550,7
CUST0157,Arun,Female,Chennai,Books,UPI,Delivered,2024-06-27,7,4741,33187,5
CUST0289,Uma,Female,Salem,Electronics,Card,Delivered,2024-07-11,8,2274,18192,7
CUST0231,Monisha,Female,Tirunelveli,Groceries,Cash,Delivered,2024-04-01,7,2160,15120,6
CUST0157,Nithya,Male,Trichy,Electronics,Card,Pending,2024-08-18,9,1007,9063,5
CUST0038,Hemalatha,Male,Salem,Clothing,NetBanking,Delivered,2024-03-18,5,610,3050,5
CUST0097,Monisha,Female,Trichy,Electronics,UPI,Delivered,2024-03-25,3,1380,4140,3
CUST0289,Sowmya,Female,Madurai,Furniture,UPI,Delivered,2024-01-30,6,1362,8172,7
CUST0254,Ramesh,Female,Trichy,Groceries,Card,Delivered,2024-07-31,5,1871,9355,5
CUST0196,Lakshmi,Male,Madurai,Electronics,NetBanking,Pending,2024-02-18,4,3052,12208,3
CUST0086,Hemalatha,Male,Chennai,Groceries,Cash,Delivered,2024-09-21,2,3453,6906,4
CUST0010,Deepa,Female,Trichy,Groceries,Cash,Delivered,2024-05-24,7,4995,34965,4
CUST0005,Dinesh,Male,Salem,Clothing,UPI,Delivered,2024-03-09,5,2701,13505,7
CUST0123,Kumar,Female,Madurai,Clothing,Card,Pending,2024-02-27,4,1864,7456,2
CUST0118,Suresh,Male,Salem,Furniture,Card,Delivered,2024-07-03,8,1791,14328,6
CUST0294,Nila,Male,Coimbatore,Books,Cash,Returned,2024-03-02,9,4751,42759,6
CUST0159,Pavithra,Female,Madurai,Groceries,NetBanking,Delivered,2024-11-03,9,3858,34722,1
CUST0228,Preethi,Female,Trichy,Books,NetBanking,Delivered,2024-10-22,3,2927,8781,3
CUST0216,Priya,Female,Madurai,Furniture,Cash,Delivered,2024-06-14,3,3320,9960,3
CUST0184,Harini,Female,Salem,Groceries,Cash,Returned,2024-06-19,5,4133,20665,4
CUST0015,Revathi,Male,Chennai,Groceries,Card,Delivered,2024-03-03,5,795,3975,5
CUST0157,Uma,Male,Madurai,Beauty,NetBanking,Delivered,2024-05-26,2,607,1214,5
CUST0136,Sowmya,Male,Trichy,Books,Cash,Delivered,2024-11-01,1,3351,3351,4
CUST0261,Mahesh,Female,Coimbatore,Electronics,Cash,Delivered,2024-06-09,8,991,7928,3
CUST0157,Lakshmi,Male,Tirunelveli,Clothing,UPI,Delivered,2024-05-20,3,4073,12219,5
CUST0047,Gayathri,Female,Chennai,Electronics,Cash,Pending,2024-11-29,1,2346,2346,6
CUST0173,Raghu,Male,Coimbatore,Books,Cash,Delivered,2024-04-06,1,989,989,7
CUST0130,Janani,Female,Madurai,Clothing,NetBanking,Delivered,2024-08-08,2,1660,3320,4
CUST0095,Prakash,Female,Salem,Electronics,Card,Cancelled,2024-02-12,6,1775,10650,7
CUST0115,Bharath,Male,Salem,Beauty,NetBanking,Delivered,2024-10-18,6,1034,6204,2
CUST0243,Ajith,Female,Trichy,Clothing,Card,Delivered,2024-04-17,3,1637,4911,3
CUST0292,Sathish,Female,Salem,Groceries,UPI,Delivered,2024-09-22,4,4071,16284,3
CUST0282,Murugan,Male,Chennai,Electronics,Cash,Delivered,2024-04-04,2,1386,2772,4
CUST0299,Vasanthi,Female,Salem,Clothing,UPI,Delivered,2024-09-18,2,3187,6374,2
CUST0283,Nila,Female,Trichy,Beauty,Card,Delivered,2024-11-08,7,711,4977,6
CUST0069,Gokul,Female,Tirunelveli,Clothing,NetBanking,Delivered,2024-03-11,1,82,82,6
CUST0148,Raghu,Male,Madurai,Clothing,NetBanking,Delivered,2024-08-06,7,3464,24248,5
CUST0011,Mahesh,Male,Madurai,Beauty,UPI,Pending,2024-01-21,1,1206,1206,1
CUST0254,Raghu,Female,Salem,Electronics,Card,Returned,2024-04-01,6,3176,19056,5
CUST0038,Hema,Male,Coimbatore,Furniture,UPI,Returned,2024-05-06,3,110,330,5
CUST0134,Divya,Female,Madurai,Electronics,UPI,Cancelled,2024-03-20,8,3978,31824,5
CUST0200,Venkatesh,Female,Tirunelveli,Books,Cash,Delivered,2024-11-07,6,1593,9558,1
CUST0023,Rajesh,Female,Salem,Beauty,UPI,Cancelled,2024-08-25,2,321,642,4
CUST0218,Raghu,Female,Trichy,Electronics,Cash,Delivered,2024-06-30,8,4126,33008,6
CUST0141,Sowmya,Female,Tirunelveli,Clothing,Cash,Delivered,2024-01-25,5,3438,17190,4
CUST0104,Harini,Male,Salem,Beauty,NetBanking,Delivered,2024-06-04,8,2802,22416,7
CUST0210,Monisha,Female,Tirunelveli,Groceries,Cash,Delivered,2024-01-05,8,2759,22072,2
CUST0111,Ajith,Male,Madurai,Electronics,Cash,Cancelled,2024-04-29,6,1204,7224,7
CUST0104,Manoj,Male,Trichy,Beauty,NetBanking,Pending,2024-10-03,2,4455,8910,7
CUST0171,Surya,Female,Salem,Electronics,UPI,Delivered,2024-01-18,8,3903,31224,2
CUST0133,Senthil,Female,Chennai,Beauty,Card,Returned,2024-07-16,6,1795,10770,6
CUST0293,Sangeetha,Male,Trichy,Clothing,Card,Delivered,2024-02-26,6,3482,20892,3
CUST0127,Manoj,Male,Chennai,Groceries,Card,Delivered,2024-04-02,8,387,3096,4
CUST0106,Janani,Male,Tirunelveli,Groceries,UPI,Delivered,2024-01-19,1,59,59,4
CUST0092,Kishore,Female,Coimbatore,Books,Cash,Delivered,2024-12-18,2,4194,8388,5
CUST0287,Senthil,Male,Trichy,Beauty,Card,Pending,2024-07-11,9,780,7020,1
CUST0051,Sriram,Female,Tirunelveli,Electronics,UPI,Returned,2024-08-24,8,4940,39520,7
CUST0029,Surya,Female,Chennai,Groceries,Cash,Cancelled,2024-10-03,7,1698,11886,3
CUST0296,Sandhya,Female,Madurai,Groceries,NetBanking,Delivered,2024-08-14,7,4278,29946,4
CUST0297,Vasanthi,Male,Madurai,Furniture,Card,Pending,2024-08-20,5,3704,18520,1
CUST0214,Kavitha,Female,Coimbatore,Furniture,Cash,Delivered,2024-02-09,2,2180,4360,4
CUST0267,Suresh,Female,Trichy,Groceries,Card,Returned,2024-11-18,6,4521,27126,4
CUST0257,Thamarai,Female,Trichy,Beauty,Card,Delivered,2024-06-01,3,2446,7338,5
CUST0101,Janani,Female,Trichy,Books,Card,Delivered,2024-05-06,4,4416,17664,7
CUST0110,Ganesh,Female,Tirunelveli,Groceries,Cash,Delivered,2024-08-24,2,1556,3112,1
CUST0182,Balaji,Male,Coimbatore,Clothing,UPI,Delivered,2024-02-24,2,2208,4416,3
CUST0001,Madhan,Female,Trichy,Electronics,Cash,Delivered,2024-06-20,8,2966,23728,8
CUST0055,Mahalakshmi,Female,Tirunelveli,Books,Card,Delivered,2024-04-18,8,4221,33768,2
CUST0149,Nandhini,Male,Madurai,Clothing,Cash,Delivered,2024-12-19,6,3279,19674,2
CUST0137,Ajith,Female,Chennai,Books,NetBanking,Delivered,2024-07-02,5,3653,18265,4
CUST0202,Manoj,Male,Tirunelveli,Clothing,UPI,Delivered,2024-07-16,8,1716,13728,5
CUST0117,Anitha,Female,Madurai,Electronics,Cash,Delivered,2024-03-27,4,4474,17896,3
CUST0154,Suresh,Male,Madurai,Electronics,NetBanking,Delivered,2024-07-19,4,4186,16744,5
CUST0291,Manoj,Male,Chennai,Furniture,UPI,Delivered,2024-12-02,5,3019,15095,2
CUST0063,Madhan,Female,Madurai,Beauty,NetBanking,Delivered,2024-11-17,1,2739,2739,8
CUST0244,Sandhya,Female,Coimbatore,Clothing,UPI,Pending,2024-10-01,1,2376,2376,2
CUST0025,Padma,Female,Chennai,Furniture,Cash,Returned,2024-07-29,2,2860,5720,5
CUST0090,Santhosh,Male,Madurai,Clothing,NetBanking,Delivered,2024-04-27,8,2566,20528,5
CUST0075,Vimala,Male,Salem,Furniture,Card,Cancelled,2024-07-09,7,3521,24647,5
CUST0294,Senthil,Male,Tirunelveli,Electronics,NetBanking,Returned,2024-02-11,9,62,558,6
CUST0210,Sangeetha,Female,Madurai,Books,UPI,Pending,2024-02-11,5,3020,15100,2
CUST0017,Sangeetha,Male,Coimbatore,Furniture,Cash,Delivered,2024-11-10,2,3671,7342,2
CUST0128,Pavithra,Male,Trichy,Clothing,UPI,Delivered,2024-10-02,7,3733,26131,5
CUST0251,Vishnu,Female,Madurai,Clothing,NetBanking,Delivered,2024-11-24,8,3523,28184,3
CUST0179,Senthil,Male,Trichy,Beauty,NetBanking,Delivered,2024-01-17,7,3172,22204,5
CUST0182,Saran,Male,Salem,Electronics,Card,Delivered,2024-10-09,7,3514,24598,3
CUST0152,Keerthi,Female,Madurai,Clothing,Cash,Delivered,2024-09-14,5,702,3510,7
CUST0025,Ramesh,Male,Chennai,Groceries,Cash,Returned,2024-03-03,2,670,1340,5
CUST0180,Thamarai,Female,Trichy,Books,NetBanking,Pending,2024-03-02,6,3840,23040,6
CUST0198,Janani,Female,Salem,Furniture,Cash,Delivered,2024-04-09,4,1695,6780,6
CUST0161,Divya,Female,Chennai,Beauty,Card,Delivered,2024-01-19,2,2293,4586,6
CUST0177,Sowmya,Female,Chennai,Books,UPI,Delivered,2024-01-17,9,4562,41058,6
CUST0285,Prakash,Female,Chennai,Electronics,Cash,Returned,2024-11-20,7,4809,33663,5
CUST0063,Madhan,Male,Chennai,Beauty,NetBanking,Delivered,2024-09-02,6,3541,21246,8
CUST0150,Sindhu,Male,Madurai,Furniture,UPI,Delivered,2024-09-07,5,3761,18805,4
CUST0154,Meena,Female,Tirunelveli,Furniture,UPI,Delivered,2024-03-21,3,3738,11214,5
CUST0156,Ganesh,Female,Madurai,Groceries,Card,Delivered,2024-02-08,4,1429,5716,2
CUST0049,Preethi,Male,Madurai,Electronics,NetBanking,Delivered,2024-02-05,3,4293,12879,4
CUST0084,Hemalatha,Female,Salem,Beauty,Cash,Delivered,2024-07-15,8,2095,16760,3
CUST0177,Vishnu,Female,Salem,Beauty,NetBanking,Cancelled,2024-06-06,3,3098,9294,6
CUST0148,Padma,Female,Tirunelveli,Clothing,UPI,Pending,2024-07-22,7,1438,10066,5
CUST0118,Sandhya,Male,Salem,Groceries,NetBanking,Pending,2024-07-14,7,451,3157,6
CUST0063,Suresh,Male,Coimbatore,Groceries,Cash,Pending,2024-08-03,7,2703,18921,8
CUST0189,Kumar,Female,Tirunelveli,Beauty,Cash,Delivered,2024-10-11,7,4374,30618,3
CUST0049,Sowmya,Female,Salem,Beauty,Card,Delivered,2024-07-14,2,3973,7946,4
CUST0257,Balaji,Male,Tirunelveli,Books,Cash,Cancelled,2024-11-02,3,317,951,5
CUST0224,Vijay,Male,Madurai,Books,Cash,Pending,2024-05-31,9,4271,38439,5
CUST0141,Raghu,Female,Madurai,Books,NetBanking,Delivered,2024-01-14,3,1775,5325,4
CUST0215,Manoj,Female,Tirunelveli,Groceries,NetBanking,Delivered,2024-11-20,2,1162,2324,6
CUST0211,Nila,Male,Coimbatore,Clothing,UPI,Delivered,2024-05-25,9,2725,24525,1
CUST0032,Uma,Male,Coimbatore,Furniture,Card,Delivered,2024-02-26,9,4834,43506,1
CUST0158,Rohit,Male,Tirunelveli,Books,NetBanking,Delivered,2024-07-29,4,1330,5320,4
CUST0285,Ramesh,Female,Salem,Clothing,Cash,Delivered,2024-09-24,9,1282,11538,5
CUST0286,Prakash,Male,Trichy,Electronics,UPI,Delivered,2024-07-28,3,4426,13278,7
CUST0144,Arun,Female,Coimbatore,Books,NetBanking,Delivered,2024-01-17,7,4588,32116,8
